This is pdfTeX, Version 3.141592653-2.6-1.40.26 (MiKTeX 24.4) (preloaded format=pdflatex 2025.9.25)  31 JAN 2026 15:25
entering extended mode
 restricted \write18 enabled.
 %&-line parsing enabled.
**./TransformaticsInGENETICS---2026---JWL--HYPER-EDTN.tex
(TransformaticsInGENETICS---2026---JWL--HYPER-EDTN.tex
LaTeX2e <2024-06-01> patch level 2
L3 programming layer <2024-07-20>
(C:\Program Files\MiKTeX\tex/latex/base\book.cls
Document Class: book 2024/02/08 v1.4n Standard LaTeX document class
(C:\Program Files\MiKTeX\tex/latex/base\bk10.clo
File: bk10.clo 2024/02/08 v1.4n Standard LaTeX file (size option)
)
\c@part=\count194
\c@chapter=\count195
\c@section=\count196
\c@subsection=\count197
\c@subsubsection=\count198
\c@paragraph=\count199
\c@subparagraph=\count266
\c@figure=\count267
\c@table=\count268
\abovecaptionskip=\skip49
\belowcaptionskip=\skip50
\bibindent=\dimen141
)
(C:\Users\AKAM\AppData\Roaming\MiKTeX\tex/latex/geometry\geometry.sty
Package: geometry 2020/01/02 v5.9 Page Geometry

(C:\Program Files\MiKTeX\tex/latex/graphics\keyval.sty
Package: keyval 2022/05/29 v1.15 key=value parser (DPC)
\KV@toks@=\toks17
)
(C:\Program Files\MiKTeX\tex/generic/iftex\ifvtex.sty
Package: ifvtex 2019/10/25 v1.7 ifvtex legacy package. Use iftex instead.

(C:\Program Files\MiKTeX\tex/generic/iftex\iftex.sty
Package: iftex 2022/02/03 v1.0f TeX engine tests
))
\Gm@cnth=\count269
\Gm@cntv=\count270
\c@Gm@tempcnt=\count271
\Gm@bindingoffset=\dimen142
\Gm@wd@mp=\dimen143
\Gm@odd@mp=\dimen144
\Gm@even@mp=\dimen145
\Gm@layoutwidth=\dimen146
\Gm@layoutheight=\dimen147
\Gm@layouthoffset=\dimen148
\Gm@layoutvoffset=\dimen149
\Gm@dimlist=\toks18

(C:\Users\AKAM\AppData\Roaming\MiKTeX\tex/latex/geometry\geometry.cfg))
(C:\Program Files\MiKTeX\tex/latex/base\makeidx.sty
Package: makeidx 2021/10/04 v1.0m Standard LaTeX package
)
\@indexfile=\write3
\openout3 = `TransformaticsInGENETICS---2026---JWL--HYPER-EDTN.idx'.


Writing index file TransformaticsInGENETICS---2026---JWL--HYPER-EDTN.idx
(C:\Users\AKAM\AppData\Roaming\MiKTeX\tex/latex/setspace\setspace.sty
Package: setspace 2022/12/04 v6.7b set line spacing
)
(C:\Program Files\MiKTeX\tex/latex/appendix\appendix.sty
Package: appendix 2020/02/08 v1.2c extra appendix facilities
\c@@pps=\count272
\c@@ppsavesec=\count273
\c@@ppsaveapp=\count274
)
(C:\Program Files\MiKTeX\tex/latex/fancyhdr\fancyhdr.sty
Package: fancyhdr 2025/02/07 v5.2 Extensive control of page headers and footers

\f@nch@headwidth=\skip51
\f@nch@offset@elh=\skip52
\f@nch@offset@erh=\skip53
\f@nch@offset@olh=\skip54
\f@nch@offset@orh=\skip55
\f@nch@offset@elf=\skip56
\f@nch@offset@erf=\skip57
\f@nch@offset@olf=\skip58
\f@nch@offset@orf=\skip59
\f@nch@height=\skip60
\f@nch@footalignment=\skip61
\f@nch@widthL=\skip62
\f@nch@widthC=\skip63
\f@nch@widthR=\skip64
\@temptokenb=\toks19
)
(C:\Program Files\MiKTeX\tex/latex/graphics\graphicx.sty
Package: graphicx 2021/09/16 v1.2d Enhanced LaTeX Graphics (DPC,SPQR)

(C:\Program Files\MiKTeX\tex/latex/graphics\graphics.sty
Package: graphics 2024/05/23 v1.4g Standard LaTeX Graphics (DPC,SPQR)

(C:\Program Files\MiKTeX\tex/latex/graphics\trig.sty
Package: trig 2023/12/02 v1.11 sin cos tan (DPC)
)
(C:\Program Files\MiKTeX\tex/latex/graphics-cfg\graphics.cfg
File: graphics.cfg 2016/06/04 v1.11 sample graphics configuration
)
Package graphics Info: Driver file: pdftex.def on input line 106.

(C:\Program Files\MiKTeX\tex/latex/graphics-def\pdftex.def
File: pdftex.def 2024/04/13 v1.2c Graphics/color driver for pdftex
))
\Gin@req@height=\dimen150
\Gin@req@width=\dimen151
)
(C:\Users\AKAM\AppData\Roaming\MiKTeX\tex/latex/caption\caption.sty
Package: caption 2023/08/05 v3.6o Customizing captions (AR)

(C:\Users\AKAM\AppData\Roaming\MiKTeX\tex/latex/caption\caption3.sty
Package: caption3 2023/07/31 v2.4d caption3 kernel (AR)
\caption@tempdima=\dimen152
\captionmargin=\dimen153
\caption@leftmargin=\dimen154
\caption@rightmargin=\dimen155
\caption@width=\dimen156
\caption@indent=\dimen157
\caption@parindent=\dimen158
\caption@hangindent=\dimen159
Package caption Info: Standard document class detected.
)
\c@caption@flags=\count275
\c@continuedfloat=\count276
)
(C:\Users\AKAM\AppData\Roaming\MiKTeX\tex/latex/float\float.sty
Package: float 2001/11/08 v1.3d Float enhancements (AL)
\c@float@type=\count277
\float@exts=\toks20
\float@box=\box52
\@float@everytoks=\toks21
\@floatcapt=\box53
)
(C:\Users\AKAM\AppData\Roaming\MiKTeX\tex/latex/fvextra\fvextra.sty
Package: fvextra 2024/05/16 v1.7.0 fvextra - extensions and patches for fancyvr
b

(C:\Program Files\MiKTeX\tex/latex/etoolbox\etoolbox.sty
Package: etoolbox 2020/10/05 v2.5k e-TeX tools for LaTeX (JAW)
\etb@tempcnta=\count278
)
(C:\Users\AKAM\AppData\Roaming\MiKTeX\tex/latex/fancyvrb\fancyvrb.sty
Package: fancyvrb 2024/01/20 4.5c verbatim text (tvz,hv)
\FV@CodeLineNo=\count279
\FV@InFile=\read2
\FV@TabBox=\box54
\c@FancyVerbLine=\count280
\FV@StepNumber=\count281
\FV@OutFile=\write4
)
(C:\Users\AKAM\AppData\Roaming\MiKTeX\tex/latex/upquote\upquote.sty
Package: upquote 2012/04/19 v1.3 upright-quote and grave-accent glyphs in verba
tim
)
(C:\Users\AKAM\AppData\Roaming\MiKTeX\tex/latex/lineno\lineno.sty
Package: lineno 2023/05/20 line numbers on paragraphs v5.3

(C:\Users\AKAM\AppData\Roaming\MiKTeX\tex/latex/kvoptions\kvoptions.sty
Package: kvoptions 2022-06-15 v3.15 Key value format for package options (HO)

(C:\Users\AKAM\AppData\Roaming\MiKTeX\tex/generic/ltxcmds\ltxcmds.sty
Package: ltxcmds 2023-12-04 v1.26 LaTeX kernel commands for general use (HO)
)
(C:\Users\AKAM\AppData\Roaming\MiKTeX\tex/latex/kvsetkeys\kvsetkeys.sty
Package: kvsetkeys 2022-10-05 v1.19 Key value parser (HO)
))
\linenopenalty=\count282
\output=\toks22
\linenoprevgraf=\count283
\linenumbersep=\dimen160
\linenumberwidth=\dimen161
\c@linenumber=\count284
\c@pagewiselinenumber=\count285
\c@LN@truepage=\count286
\c@internallinenumber=\count287
\c@internallinenumbers=\count288
\quotelinenumbersep=\dimen162
\bframerule=\dimen163
\bframesep=\dimen164
\bframebox=\box55
LaTeX Info: Redefining \\ on input line 3180.
)
\c@FancyVerbWriteLine=\count289
\c@FancyVerbBufferIndex=\count290
\c@FancyVerbBufferLength=\count291
\c@FancyVerbBufferLine=\count292
\c@FV@oldbufferlength=\count293
\c@FV@TrueTabGroupLevel=\count294
\c@FV@TrueTabCounter=\count295
\FV@TabBox@Group=\box56
\FV@TmpLength=\skip65
\c@FV@HighlightLinesStart=\count296
\c@FV@HighlightLinesStop=\count297
\FV@LoopCount=\count298
\FV@NCharsBox=\box57
\FV@BreakIndent=\dimen165
\FV@BreakIndentNChars=\count299
\FV@BreakSymbolSepLeft=\dimen166
\FV@BreakSymbolSepLeftNChars=\count300
\FV@BreakSymbolSepRight=\dimen167
\FV@BreakSymbolSepRightNChars=\count301
\FV@BreakSymbolIndentLeft=\dimen168
\FV@BreakSymbolIndentLeftNChars=\count302
\FV@BreakSymbolIndentRight=\dimen169
\FV@BreakSymbolIndentRightNChars=\count303
\c@FancyVerbLineBreakLast=\count304
\FV@LineBox=\box58
\FV@LineIndentBox=\box59
\c@FV@BreakBufferDepth=\count305
\FV@LineWidth=\dimen170
)
(C:\Program Files\MiKTeX\tex/latex/hyperref\hyperref.sty
Package: hyperref 2024-07-10 v7.01j Hypertext links for LaTeX

(C:\Users\AKAM\AppData\Roaming\MiKTeX\tex/generic/kvdefinekeys\kvdefinekeys.sty
Package: kvdefinekeys 2019-12-19 v1.6 Define keys (HO)
) (C:\Users\AKAM\AppData\Roaming\MiKTeX\tex/generic/pdfescape\pdfescape.sty
Package: pdfescape 2019/12/09 v1.15 Implements pdfTeX's escape features (HO)

(C:\Program Files\MiKTeX\tex/generic/pdftexcmds\pdftexcmds.sty
Package: pdftexcmds 2020-06-27 v0.33 Utility functions of pdfTeX for LuaTeX (HO
)

(C:\Users\AKAM\AppData\Roaming\MiKTeX\tex/generic/infwarerr\infwarerr.sty
Package: infwarerr 2019/12/03 v1.5 Providing info/warning/error messages (HO)
)
Package pdftexcmds Info: \pdf@primitive is available.
Package pdftexcmds Info: \pdf@ifprimitive is available.
Package pdftexcmds Info: \pdfdraftmode found.
))
(C:\Users\AKAM\AppData\Roaming\MiKTeX\tex/latex/hycolor\hycolor.sty
Package: hycolor 2020-01-27 v1.10 Color options for hyperref/bookmark (HO)
)
(C:\Program Files\MiKTeX\tex/latex/hyperref\nameref.sty
Package: nameref 2023-11-26 v2.56 Cross-referencing by name of section

(C:\Users\AKAM\AppData\Roaming\MiKTeX\tex/latex/refcount\refcount.sty
Package: refcount 2019/12/15 v3.6 Data extraction from label references (HO)
)
(C:\Users\AKAM\AppData\Roaming\MiKTeX\tex/generic/gettitlestring\gettitlestring
.sty
Package: gettitlestring 2019/12/15 v1.6 Cleanup title references (HO)
)
\c@section@level=\count306
)
(C:\Users\AKAM\AppData\Roaming\MiKTeX\tex/generic/stringenc\stringenc.sty
Package: stringenc 2019/11/29 v1.12 Convert strings between diff. encodings (HO
)
)
\@linkdim=\dimen171
\Hy@linkcounter=\count307
\Hy@pagecounter=\count308

(C:\Program Files\MiKTeX\tex/latex/hyperref\pd1enc.def
File: pd1enc.def 2024-07-10 v7.01j Hyperref: PDFDocEncoding definition (HO)
Now handling font encoding PD1 ...
... no UTF-8 mapping file for font encoding PD1
)
(C:\Users\AKAM\AppData\Roaming\MiKTeX\tex/generic/intcalc\intcalc.sty
Package: intcalc 2019/12/15 v1.3 Expandable calculations with integers (HO)
)
\Hy@SavedSpaceFactor=\count309

(C:\Program Files\MiKTeX\tex/latex/hyperref\puenc.def
File: puenc.def 2024-07-10 v7.01j Hyperref: PDF Unicode definition (HO)
Now handling font encoding PU ...
... no UTF-8 mapping file for font encoding PU
)
Package hyperref Info: Hyper figures OFF on input line 4157.
Package hyperref Info: Link nesting OFF on input line 4162.
Package hyperref Info: Hyper index ON on input line 4165.
Package hyperref Info: Plain pages OFF on input line 4172.
Package hyperref Info: Backreferencing OFF on input line 4177.
Package hyperref Info: Implicit mode ON; LaTeX internals redefined.
Package hyperref Info: Bookmarks ON on input line 4424.
\c@Hy@tempcnt=\count310

(C:\Program Files\MiKTeX\tex/latex/url\url.sty
\Urlmuskip=\muskip17
Package: url 2013/09/16  ver 3.4  Verb mode for urls, etc.
)
LaTeX Info: Redefining \url on input line 4763.
\XeTeXLinkMargin=\dimen172

(C:\Users\AKAM\AppData\Roaming\MiKTeX\tex/generic/bitset\bitset.sty
Package: bitset 2019/12/09 v1.3 Handle bit-vector datatype (HO)

(C:\Users\AKAM\AppData\Roaming\MiKTeX\tex/generic/bigintcalc\bigintcalc.sty
Package: bigintcalc 2019/12/15 v1.5 Expandable calculations on big integers (HO
)
))
\Fld@menulength=\count311
\Field@Width=\dimen173
\Fld@charsize=\dimen174
Package hyperref Info: Hyper figures OFF on input line 6042.
Package hyperref Info: Link nesting OFF on input line 6047.
Package hyperref Info: Hyper index ON on input line 6050.
Package hyperref Info: backreferencing OFF on input line 6057.
Package hyperref Info: Link coloring OFF on input line 6062.
Package hyperref Info: Link coloring with OCG OFF on input line 6067.
Package hyperref Info: PDF/A mode OFF on input line 6072.

(C:\Program Files\MiKTeX\tex/latex/base\atbegshi-ltx.sty
Package: atbegshi-ltx 2021/01/10 v1.0c Emulation of the original atbegshi
package with kernel methods
)
\Hy@abspage=\count312
\c@Item=\count313
\c@Hfootnote=\count314
)
Package hyperref Info: Driver (autodetected): hpdftex.

(C:\Program Files\MiKTeX\tex/latex/hyperref\hpdftex.def
File: hpdftex.def 2024-07-10 v7.01j Hyperref driver for pdfTeX

(C:\Program Files\MiKTeX\tex/latex/base\atveryend-ltx.sty
Package: atveryend-ltx 2020/08/19 v1.0a Emulation of the original atveryend pac
kage
with kernel methods
)
\Fld@listcount=\count315
\c@bookmark@seq@number=\count316

(C:\Users\AKAM\AppData\Roaming\MiKTeX\tex/latex/rerunfilecheck\rerunfilecheck.s
ty
Package: rerunfilecheck 2022-07-10 v1.10 Rerun checks for auxiliary files (HO)

(C:\Users\AKAM\AppData\Roaming\MiKTeX\tex/generic/uniquecounter\uniquecounter.s
ty
Package: uniquecounter 2019/12/15 v1.4 Provide unlimited unique counter (HO)
)
Package uniquecounter Info: New unique counter `rerunfilecheck' on input line 2
85.
)
\Hy@SectionHShift=\skip66
) (C:\Program Files\MiKTeX\tex/latex/tools\tabularx.sty
Package: tabularx 2023/12/11 v2.12a `tabularx' package (DPC)

(C:\Program Files\MiKTeX\tex/latex/tools\array.sty
Package: array 2024/06/14 v2.6d Tabular extension package (FMi)
\col@sep=\dimen175
\ar@mcellbox=\box60
\extrarowheight=\dimen176
\NC@list=\toks23
\extratabsurround=\skip67
\backup@length=\skip68
\ar@cellbox=\box61
)
\TX@col@width=\dimen177
\TX@old@table=\dimen178
\TX@old@col=\dimen179
\TX@target=\dimen180
\TX@delta=\dimen181
\TX@cols=\count317
\TX@ftn=\toks24
)
(C:\Program Files\MiKTeX\tex/latex/makecell\makecell.sty
Package: makecell 2009/08/03 V0.1e Managing of Tab Column Heads and Cells
\rotheadsize=\dimen182
\c@nlinenum=\count318
\TeXr@lab=\toks25
)
(C:\Users\AKAM\AppData\Roaming\MiKTeX\tex/latex/diagbox\diagbox.sty
Package: diagbox 2020/02/09 v2.3 Making table heads with diagonal lines

(C:\Users\AKAM\AppData\Roaming\MiKTeX\tex/latex/pict2e\pict2e.sty
Package: pict2e 2020/09/30 v0.4b Improved picture commands (HjG,RN,JT)

(C:\Users\AKAM\AppData\Roaming\MiKTeX\tex/latex/pict2e\pict2e.cfg
File: pict2e.cfg 2016/02/05 v0.1u pict2e configuration for teTeX/TeXLive
)
Package pict2e Info: Driver file: pdftex.def on input line 112.
Package pict2e Info: Driver file for pict2e: p2e-pdftex.def on input line 114.

(C:\Users\AKAM\AppData\Roaming\MiKTeX\tex/latex/pict2e\p2e-pdftex.def
File: p2e-pdftex.def 2016/02/05 v0.1u Driver-dependant file (RN,HjG,JT)
)
\pIIe@GRAPH=\toks26
\@arclen=\dimen183
\@arcrad=\dimen184
\pIIe@tempdima=\dimen185
\pIIe@tempdimb=\dimen186
\pIIe@tempdimc=\dimen187
\pIIe@tempdimd=\dimen188
\pIIe@tempdime=\dimen189
\pIIe@tempdimf=\dimen190
)
(C:\Program Files\MiKTeX\tex/latex/tools\calc.sty
Package: calc 2023/07/08 v4.3 Infix arithmetic (KKT,FJ)
\calc@Acount=\count319
\calc@Bcount=\count320
\calc@Adimen=\dimen191
\calc@Bdimen=\dimen192
\calc@Askip=\skip69
\calc@Bskip=\skip70
LaTeX Info: Redefining \setlength on input line 80.
LaTeX Info: Redefining \addtolength on input line 81.
\calc@Ccount=\count321
\calc@Cskip=\skip71
)
\diagbox@boxa=\box62
\diagbox@boxb=\box63
\diagbox@boxm=\box64
\diagbox@wd=\dimen193
\diagbox@ht=\dimen194
\diagbox@insepl=\dimen195
\diagbox@insepr=\dimen196
\diagbox@outsepl=\dimen197
\diagbox@outsepr=\dimen198
)
(C:\Program Files\MiKTeX\tex/latex/tools\longtable.sty
Package: longtable 2024-04-26 v4.20 Multi-page Table package (DPC)
\LTleft=\skip72
\LTright=\skip73
\LTpre=\skip74
\LTpost=\skip75
\LTchunksize=\count322
\LTcapwidth=\dimen199
\LT@head=\box65
\LT@firsthead=\box66
\LT@foot=\box67
\LT@lastfoot=\box68
\LT@gbox=\box69
\LT@cols=\count323
\LT@rows=\count324
\c@LT@tables=\count325
\c@LT@chunks=\count326
\LT@p@ftn=\toks27
)
(C:\Program Files\MiKTeX\tex/latex/listings\listings.sty
\lst@mode=\count327
\lst@gtempboxa=\box70
\lst@token=\toks28
\lst@length=\count328
\lst@currlwidth=\dimen256
\lst@column=\count329
\lst@pos=\count330
\lst@lostspace=\dimen257
\lst@width=\dimen258
\lst@newlines=\count331
\lst@lineno=\count332
\lst@maxwidth=\dimen259

(C:\Program Files\MiKTeX\tex/latex/listings\lstpatch.sty
File: lstpatch.sty 2024/05/25 1.10b (Carsten Heinz)
)
(C:\Program Files\MiKTeX\tex/latex/listings\lstmisc.sty
File: lstmisc.sty 2024/05/25 1.10b (Carsten Heinz)
\c@lstnumber=\count333
\lst@skipnumbers=\count334
\lst@framebox=\box71
)
(C:\Program Files\MiKTeX\tex/latex/listings\listings.cfg
File: listings.cfg 2024/05/25 1.10b listings configuration
))
Package: listings 2024/05/25 1.10b (Carsten Heinz)

(C:\Program Files\MiKTeX\tex/latex/amsmath\amsmath.sty
Package: amsmath 2024/05/23 v2.17q AMS math features
\@mathmargin=\skip76

For additional information on amsmath, use the `?' option.
(C:\Program Files\MiKTeX\tex/latex/amsmath\amstext.sty
Package: amstext 2021/08/26 v2.01 AMS text

(C:\Program Files\MiKTeX\tex/latex/amsmath\amsgen.sty
File: amsgen.sty 1999/11/30 v2.0 generic functions
\@emptytoks=\toks29
\ex@=\dimen260
))
(C:\Program Files\MiKTeX\tex/latex/amsmath\amsbsy.sty
Package: amsbsy 1999/11/29 v1.2d Bold Symbols
\pmbraise@=\dimen261
)
(C:\Program Files\MiKTeX\tex/latex/amsmath\amsopn.sty
Package: amsopn 2022/04/08 v2.04 operator names
)
\inf@bad=\count335
LaTeX Info: Redefining \frac on input line 233.
\uproot@=\count336
\leftroot@=\count337
LaTeX Info: Redefining \overline on input line 398.
LaTeX Info: Redefining \colon on input line 409.
\classnum@=\count338
\DOTSCASE@=\count339
LaTeX Info: Redefining \ldots on input line 495.
LaTeX Info: Redefining \dots on input line 498.
LaTeX Info: Redefining \cdots on input line 619.
\Mathstrutbox@=\box72
\strutbox@=\box73
LaTeX Info: Redefining \big on input line 721.
LaTeX Info: Redefining \Big on input line 722.
LaTeX Info: Redefining \bigg on input line 723.
LaTeX Info: Redefining \Bigg on input line 724.
\big@size=\dimen262
LaTeX Font Info:    Redeclaring font encoding OML on input line 742.
LaTeX Font Info:    Redeclaring font encoding OMS on input line 743.
\macc@depth=\count340
LaTeX Info: Redefining \bmod on input line 904.
LaTeX Info: Redefining \pmod on input line 909.
LaTeX Info: Redefining \smash on input line 939.
LaTeX Info: Redefining \relbar on input line 969.
LaTeX Info: Redefining \Relbar on input line 970.
\c@MaxMatrixCols=\count341
\dotsspace@=\muskip18
\c@parentequation=\count342
\dspbrk@lvl=\count343
\tag@help=\toks30
\row@=\count344
\column@=\count345
\maxfields@=\count346
\andhelp@=\toks31
\eqnshift@=\dimen263
\alignsep@=\dimen264
\tagshift@=\dimen265
\tagwidth@=\dimen266
\totwidth@=\dimen267
\lineht@=\dimen268
\@envbody=\toks32
\multlinegap=\skip77
\multlinetaggap=\skip78
\mathdisplay@stack=\toks33
LaTeX Info: Redefining \[ on input line 2953.
LaTeX Info: Redefining \] on input line 2954.
)
\linenoamsmath@ams@eqpen=\count347

(C:\Program Files\MiKTeX\tex/latex/amsfonts\amssymb.sty
Package: amssymb 2013/01/14 v3.01 AMS font symbols

(C:\Program Files\MiKTeX\tex/latex/amsfonts\amsfonts.sty
Package: amsfonts 2013/01/14 v3.01 Basic AMSFonts support
\symAMSa=\mathgroup4
\symAMSb=\mathgroup5
LaTeX Font Info:    Redeclaring math symbol \hbar on input line 98.
LaTeX Font Info:    Overwriting math alphabet `\mathfrak' in version `bold'
(Font)                  U/euf/m/n --> U/euf/b/n on input line 106.
))
(C:\Users\AKAM\AppData\Roaming\MiKTeX\tex/latex/amscls\amsthm.sty
Package: amsthm 2020/05/29 v2.20.6
\thm@style=\toks34
\thm@bodyfont=\toks35
\thm@headfont=\toks36
\thm@notefont=\toks37
\thm@headpunct=\toks38
\thm@preskip=\skip79
\thm@postskip=\skip80
\thm@headsep=\skip81
\dth@everypar=\toks39
)
(C:\Program Files\MiKTeX\tex/latex/pgf/frontendlayer\tikz.sty
(C:\Program Files\MiKTeX\tex/latex/pgf/basiclayer\pgf.sty
(C:\Program Files\MiKTeX\tex/latex/pgf/utilities\pgfrcs.sty
(C:\Program Files\MiKTeX\tex/generic/pgf/utilities\pgfutil-common.tex
\pgfutil@everybye=\toks40
\pgfutil@tempdima=\dimen269
\pgfutil@tempdimb=\dimen270
)
(C:\Program Files\MiKTeX\tex/generic/pgf/utilities\pgfutil-latex.def
\pgfutil@abb=\box74
)
(C:\Program Files\MiKTeX\tex/generic/pgf/utilities\pgfrcs.code.tex
(C:\Program Files\MiKTeX\tex/generic/pgf\pgf.revision.tex)
Package: pgfrcs 2023-01-15 v3.1.10 (3.1.10)
))
Package: pgf 2023-01-15 v3.1.10 (3.1.10)

(C:\Program Files\MiKTeX\tex/latex/pgf/basiclayer\pgfcore.sty
(C:\Program Files\MiKTeX\tex/latex/pgf/systemlayer\pgfsys.sty
(C:\Program Files\MiKTeX\tex/generic/pgf/systemlayer\pgfsys.code.tex
Package: pgfsys 2023-01-15 v3.1.10 (3.1.10)

(C:\Program Files\MiKTeX\tex/generic/pgf/utilities\pgfkeys.code.tex
\pgfkeys@pathtoks=\toks41
\pgfkeys@temptoks=\toks42

(C:\Program Files\MiKTeX\tex/generic/pgf/utilities\pgfkeyslibraryfiltered.code.
tex
\pgfkeys@tmptoks=\toks43
))
\pgf@x=\dimen271
\pgf@y=\dimen272
\pgf@xa=\dimen273
\pgf@ya=\dimen274
\pgf@xb=\dimen275
\pgf@yb=\dimen276
\pgf@xc=\dimen277
\pgf@yc=\dimen278
\pgf@xd=\dimen279
\pgf@yd=\dimen280
\w@pgf@writea=\write5
\r@pgf@reada=\read3
\c@pgf@counta=\count348
\c@pgf@countb=\count349
\c@pgf@countc=\count350
\c@pgf@countd=\count351
\t@pgf@toka=\toks44
\t@pgf@tokb=\toks45
\t@pgf@tokc=\toks46
\pgf@sys@id@count=\count352
 (C:\Program Files\MiKTeX\tex/generic/pgf/systemlayer\pgf.cfg
File: pgf.cfg 2023-01-15 v3.1.10 (3.1.10)
)
Driver file for pgf: pgfsys-pdftex.def

(C:\Program Files\MiKTeX\tex/generic/pgf/systemlayer\pgfsys-pdftex.def
File: pgfsys-pdftex.def 2023-01-15 v3.1.10 (3.1.10)

(C:\Program Files\MiKTeX\tex/generic/pgf/systemlayer\pgfsys-common-pdf.def
File: pgfsys-common-pdf.def 2023-01-15 v3.1.10 (3.1.10)
)))
(C:\Program Files\MiKTeX\tex/generic/pgf/systemlayer\pgfsyssoftpath.code.tex
File: pgfsyssoftpath.code.tex 2023-01-15 v3.1.10 (3.1.10)
\pgfsyssoftpath@smallbuffer@items=\count353
\pgfsyssoftpath@bigbuffer@items=\count354
)
(C:\Program Files\MiKTeX\tex/generic/pgf/systemlayer\pgfsysprotocol.code.tex
File: pgfsysprotocol.code.tex 2023-01-15 v3.1.10 (3.1.10)
))
(C:\Program Files\MiKTeX\tex/latex/xcolor\xcolor.sty
Package: xcolor 2023/11/15 v3.01 LaTeX color extensions (UK)

(C:\Program Files\MiKTeX\tex/latex/graphics-cfg\color.cfg
File: color.cfg 2016/01/02 v1.6 sample color configuration
)
Package xcolor Info: Driver file: pdftex.def on input line 274.

(C:\Program Files\MiKTeX\tex/latex/graphics\mathcolor.ltx)
Package xcolor Info: Model `cmy' substituted by `cmy0' on input line 1350.
Package xcolor Info: Model `hsb' substituted by `rgb' on input line 1354.
Package xcolor Info: Model `RGB' extended on input line 1366.
Package xcolor Info: Model `HTML' substituted by `rgb' on input line 1368.
Package xcolor Info: Model `Hsb' substituted by `hsb' on input line 1369.
Package xcolor Info: Model `tHsb' substituted by `hsb' on input line 1370.
Package xcolor Info: Model `HSB' substituted by `hsb' on input line 1371.
Package xcolor Info: Model `Gray' substituted by `gray' on input line 1372.
Package xcolor Info: Model `wave' substituted by `hsb' on input line 1373.
)
(C:\Program Files\MiKTeX\tex/generic/pgf/basiclayer\pgfcore.code.tex
Package: pgfcore 2023-01-15 v3.1.10 (3.1.10)

(C:\Program Files\MiKTeX\tex/generic/pgf/math\pgfmath.code.tex
(C:\Program Files\MiKTeX\tex/generic/pgf/math\pgfmathutil.code.tex)
(C:\Program Files\MiKTeX\tex/generic/pgf/math\pgfmathparser.code.tex
\pgfmath@dimen=\dimen281
\pgfmath@count=\count355
\pgfmath@box=\box75
\pgfmath@toks=\toks47
\pgfmath@stack@operand=\toks48
\pgfmath@stack@operation=\toks49
)
(C:\Program Files\MiKTeX\tex/generic/pgf/math\pgfmathfunctions.code.tex)
(C:\Program Files\MiKTeX\tex/generic/pgf/math\pgfmathfunctions.basic.code.tex)
(C:\Program Files\MiKTeX\tex/generic/pgf/math\pgfmathfunctions.trigonometric.co
de.tex)
(C:\Program Files\MiKTeX\tex/generic/pgf/math\pgfmathfunctions.random.code.tex)

(C:\Program Files\MiKTeX\tex/generic/pgf/math\pgfmathfunctions.comparison.code.
tex)
(C:\Program Files\MiKTeX\tex/generic/pgf/math\pgfmathfunctions.base.code.tex)
(C:\Program Files\MiKTeX\tex/generic/pgf/math\pgfmathfunctions.round.code.tex)
(C:\Program Files\MiKTeX\tex/generic/pgf/math\pgfmathfunctions.misc.code.tex)
(C:\Program Files\MiKTeX\tex/generic/pgf/math\pgfmathfunctions.integerarithmeti
cs.code.tex) (C:\Program Files\MiKTeX\tex/generic/pgf/math\pgfmathcalc.code.tex
) (C:\Program Files\MiKTeX\tex/generic/pgf/math\pgfmathfloat.code.tex
\c@pgfmathroundto@lastzeros=\count356
))
(C:\Program Files\MiKTeX\tex/generic/pgf/math\pgfint.code.tex)
(C:\Program Files\MiKTeX\tex/generic/pgf/basiclayer\pgfcorepoints.code.tex
File: pgfcorepoints.code.tex 2023-01-15 v3.1.10 (3.1.10)
\pgf@picminx=\dimen282
\pgf@picmaxx=\dimen283
\pgf@picminy=\dimen284
\pgf@picmaxy=\dimen285
\pgf@pathminx=\dimen286
\pgf@pathmaxx=\dimen287
\pgf@pathminy=\dimen288
\pgf@pathmaxy=\dimen289
\pgf@xx=\dimen290
\pgf@xy=\dimen291
\pgf@yx=\dimen292
\pgf@yy=\dimen293
\pgf@zx=\dimen294
\pgf@zy=\dimen295
)
(C:\Program Files\MiKTeX\tex/generic/pgf/basiclayer\pgfcorepathconstruct.code.t
ex
File: pgfcorepathconstruct.code.tex 2023-01-15 v3.1.10 (3.1.10)
\pgf@path@lastx=\dimen296
\pgf@path@lasty=\dimen297
)
(C:\Program Files\MiKTeX\tex/generic/pgf/basiclayer\pgfcorepathusage.code.tex
File: pgfcorepathusage.code.tex 2023-01-15 v3.1.10 (3.1.10)
\pgf@shorten@end@additional=\dimen298
\pgf@shorten@start@additional=\dimen299
)
(C:\Program Files\MiKTeX\tex/generic/pgf/basiclayer\pgfcorescopes.code.tex
File: pgfcorescopes.code.tex 2023-01-15 v3.1.10 (3.1.10)
\pgfpic=\box76
\pgf@hbox=\box77
\pgf@layerbox@main=\box78
\pgf@picture@serial@count=\count357
)
(C:\Program Files\MiKTeX\tex/generic/pgf/basiclayer\pgfcoregraphicstate.code.te
x
File: pgfcoregraphicstate.code.tex 2023-01-15 v3.1.10 (3.1.10)
\pgflinewidth=\dimen300
)
(C:\Program Files\MiKTeX\tex/generic/pgf/basiclayer\pgfcoretransformations.code
.tex
File: pgfcoretransformations.code.tex 2023-01-15 v3.1.10 (3.1.10)
\pgf@pt@x=\dimen301
\pgf@pt@y=\dimen302
\pgf@pt@temp=\dimen303
) (C:\Program Files\MiKTeX\tex/generic/pgf/basiclayer\pgfcorequick.code.tex
File: pgfcorequick.code.tex 2023-01-15 v3.1.10 (3.1.10)
) (C:\Program Files\MiKTeX\tex/generic/pgf/basiclayer\pgfcoreobjects.code.tex
File: pgfcoreobjects.code.tex 2023-01-15 v3.1.10 (3.1.10)
)
(C:\Program Files\MiKTeX\tex/generic/pgf/basiclayer\pgfcorepathprocessing.code.
tex
File: pgfcorepathprocessing.code.tex 2023-01-15 v3.1.10 (3.1.10)
) (C:\Program Files\MiKTeX\tex/generic/pgf/basiclayer\pgfcorearrows.code.tex
File: pgfcorearrows.code.tex 2023-01-15 v3.1.10 (3.1.10)
\pgfarrowsep=\dimen304
) (C:\Program Files\MiKTeX\tex/generic/pgf/basiclayer\pgfcoreshade.code.tex
File: pgfcoreshade.code.tex 2023-01-15 v3.1.10 (3.1.10)
\pgf@max=\dimen305
\pgf@sys@shading@range@num=\count358
\pgf@shadingcount=\count359
)
(C:\Program Files\MiKTeX\tex/generic/pgf/basiclayer\pgfcoreimage.code.tex
File: pgfcoreimage.code.tex 2023-01-15 v3.1.10 (3.1.10)
)
(C:\Program Files\MiKTeX\tex/generic/pgf/basiclayer\pgfcoreexternal.code.tex
File: pgfcoreexternal.code.tex 2023-01-15 v3.1.10 (3.1.10)
\pgfexternal@startupbox=\box79
)
(C:\Program Files\MiKTeX\tex/generic/pgf/basiclayer\pgfcorelayers.code.tex
File: pgfcorelayers.code.tex 2023-01-15 v3.1.10 (3.1.10)
)
(C:\Program Files\MiKTeX\tex/generic/pgf/basiclayer\pgfcoretransparency.code.te
x
File: pgfcoretransparency.code.tex 2023-01-15 v3.1.10 (3.1.10)
) (C:\Program Files\MiKTeX\tex/generic/pgf/basiclayer\pgfcorepatterns.code.tex
File: pgfcorepatterns.code.tex 2023-01-15 v3.1.10 (3.1.10)
) (C:\Program Files\MiKTeX\tex/generic/pgf/basiclayer\pgfcorerdf.code.tex
File: pgfcorerdf.code.tex 2023-01-15 v3.1.10 (3.1.10)
)))
(C:\Program Files\MiKTeX\tex/generic/pgf/modules\pgfmoduleshapes.code.tex
File: pgfmoduleshapes.code.tex 2023-01-15 v3.1.10 (3.1.10)
\pgfnodeparttextbox=\box80
)
(C:\Program Files\MiKTeX\tex/generic/pgf/modules\pgfmoduleplot.code.tex
File: pgfmoduleplot.code.tex 2023-01-15 v3.1.10 (3.1.10)
)
(C:\Program Files\MiKTeX\tex/latex/pgf/compatibility\pgfcomp-version-0-65.sty
Package: pgfcomp-version-0-65 2023-01-15 v3.1.10 (3.1.10)
\pgf@nodesepstart=\dimen306
\pgf@nodesepend=\dimen307
)
(C:\Program Files\MiKTeX\tex/latex/pgf/compatibility\pgfcomp-version-1-18.sty
Package: pgfcomp-version-1-18 2023-01-15 v3.1.10 (3.1.10)
)) (C:\Program Files\MiKTeX\tex/latex/pgf/utilities\pgffor.sty
(C:\Program Files\MiKTeX\tex/latex/pgf/utilities\pgfkeys.sty
(C:\Program Files\MiKTeX\tex/generic/pgf/utilities\pgfkeys.code.tex))
(C:\Program Files\MiKTeX\tex/latex/pgf/math\pgfmath.sty
(C:\Program Files\MiKTeX\tex/generic/pgf/math\pgfmath.code.tex))
(C:\Program Files\MiKTeX\tex/generic/pgf/utilities\pgffor.code.tex
Package: pgffor 2023-01-15 v3.1.10 (3.1.10)
\pgffor@iter=\dimen308
\pgffor@skip=\dimen309
\pgffor@stack=\toks50
\pgffor@toks=\toks51
))
(C:\Program Files\MiKTeX\tex/generic/pgf/frontendlayer/tikz\tikz.code.tex
Package: tikz 2023-01-15 v3.1.10 (3.1.10)

(C:\Program Files\MiKTeX\tex/generic/pgf/libraries\pgflibraryplothandlers.code.
tex
File: pgflibraryplothandlers.code.tex 2023-01-15 v3.1.10 (3.1.10)
\pgf@plot@mark@count=\count360
\pgfplotmarksize=\dimen310
)
\tikz@lastx=\dimen311
\tikz@lasty=\dimen312
\tikz@lastxsaved=\dimen313
\tikz@lastysaved=\dimen314
\tikz@lastmovetox=\dimen315
\tikz@lastmovetoy=\dimen316
\tikzleveldistance=\dimen317
\tikzsiblingdistance=\dimen318
\tikz@figbox=\box81
\tikz@figbox@bg=\box82
\tikz@tempbox=\box83
\tikz@tempbox@bg=\box84
\tikztreelevel=\count361
\tikznumberofchildren=\count362
\tikznumberofcurrentchild=\count363
\tikz@fig@count=\count364
 (C:\Program Files\MiKTeX\tex/generic/pgf/modules\pgfmodulematrix.code.tex
File: pgfmodulematrix.code.tex 2023-01-15 v3.1.10 (3.1.10)
\pgfmatrixcurrentrow=\count365
\pgfmatrixcurrentcolumn=\count366
\pgf@matrix@numberofcolumns=\count367
)
\tikz@expandcount=\count368

(C:\Program Files\MiKTeX\tex/generic/pgf/frontendlayer/tikz/libraries\tikzlibra
rytopaths.code.tex
File: tikzlibrarytopaths.code.tex 2023-01-15 v3.1.10 (3.1.10)
)))
(C:\Program Files\MiKTeX\tex/generic/pgf/frontendlayer/tikz/libraries\tikzlibra
rymatrix.code.tex
File: tikzlibrarymatrix.code.tex 2023-01-15 v3.1.10 (3.1.10)
)
(C:\Program Files\MiKTeX\tex/generic/pgf/frontendlayer/tikz/libraries\tikzlibra
rypositioning.code.tex
File: tikzlibrarypositioning.code.tex 2023-01-15 v3.1.10 (3.1.10)
)
(C:\Users\AKAM\AppData\Roaming\MiKTeX\tex/latex/textgreek\textgreek.sty
Package: textgreek 2011/10/09 v0.7 Greek symbols in text
Package textgreek Info: Loading the definitions for the Greek fontencoding. on 
input line 39.

(C:\Users\AKAM\AppData\Roaming\MiKTeX\tex/latex/greek-fontenc\lgrenc.def
File: lgrenc.def 2023-09-12 2.5 LGR Greek font encoding definitions
Now handling font encoding LGR ...
... processing UTF-8 mapping file for font encoding LGR

(C:\Users\AKAM\AppData\Roaming\MiKTeX\tex/latex/greek-inputenc\lgrenc.dfu
File: lgrenc.dfu 2023-03-21 1.9 UTF-8 support for Greek
   defining Unicode char U+00A8 (decimal 168)
   defining Unicode char U+00AB (decimal 171)
   defining Unicode char U+00AF (decimal 175)
   defining Unicode char U+00B4 (decimal 180)
   defining Unicode char U+00B7 (decimal 183)
   defining Unicode char U+00BB (decimal 187)
   defining Unicode char U+0259 (decimal 601)
   defining Unicode char U+02D8 (decimal 728)
   defining Unicode char U+0374 (decimal 884)
   defining Unicode char U+0375 (decimal 885)
   defining Unicode char U+037A (decimal 890)
   defining Unicode char U+037E (decimal 894)
   defining Unicode char U+0384 (decimal 900)
   defining Unicode char U+0385 (decimal 901)
   defining Unicode char U+0386 (decimal 902)
   defining Unicode char U+0387 (decimal 903)
   defining Unicode char U+0388 (decimal 904)
   defining Unicode char U+0389 (decimal 905)
   defining Unicode char U+038A (decimal 906)
   defining Unicode char U+038C (decimal 908)
   defining Unicode char U+038E (decimal 910)
   defining Unicode char U+038F (decimal 911)
   defining Unicode char U+0390 (decimal 912)
   defining Unicode char U+0391 (decimal 913)
   defining Unicode char U+0392 (decimal 914)
   defining Unicode char U+0393 (decimal 915)
   defining Unicode char U+0394 (decimal 916)
   defining Unicode char U+0395 (decimal 917)
   defining Unicode char U+0396 (decimal 918)
   defining Unicode char U+0397 (decimal 919)
   defining Unicode char U+0398 (decimal 920)
   defining Unicode char U+0399 (decimal 921)
   defining Unicode char U+039A (decimal 922)
   defining Unicode char U+039B (decimal 923)
   defining Unicode char U+039C (decimal 924)
   defining Unicode char U+039D (decimal 925)
   defining Unicode char U+039E (decimal 926)
   defining Unicode char U+039F (decimal 927)
   defining Unicode char U+03A0 (decimal 928)
   defining Unicode char U+03A1 (decimal 929)
   defining Unicode char U+03A3 (decimal 931)
   defining Unicode char U+03A4 (decimal 932)
   defining Unicode char U+03A5 (decimal 933)
   defining Unicode char U+03A6 (decimal 934)
   defining Unicode char U+03A7 (decimal 935)
   defining Unicode char U+03A8 (decimal 936)
   defining Unicode char U+03A9 (decimal 937)
   defining Unicode char U+03AA (decimal 938)
   defining Unicode char U+03AB (decimal 939)
   defining Unicode char U+03AC (decimal 940)
   defining Unicode char U+03AD (decimal 941)
   defining Unicode char U+03AE (decimal 942)
   defining Unicode char U+03AF (decimal 943)
   defining Unicode char U+03B0 (decimal 944)
   defining Unicode char U+03B1 (decimal 945)
   defining Unicode char U+03B2 (decimal 946)
   defining Unicode char U+03B3 (decimal 947)
   defining Unicode char U+03B4 (decimal 948)
   defining Unicode char U+03B5 (decimal 949)
   defining Unicode char U+03B6 (decimal 950)
   defining Unicode char U+03B7 (decimal 951)
   defining Unicode char U+03B8 (decimal 952)
   defining Unicode char U+03B9 (decimal 953)
   defining Unicode char U+03BA (decimal 954)
   defining Unicode char U+03BB (decimal 955)
   defining Unicode char U+03BC (decimal 956)
   defining Unicode char U+03BD (decimal 957)
   defining Unicode char U+03BE (decimal 958)
   defining Unicode char U+03BF (decimal 959)
   defining Unicode char U+03C0 (decimal 960)
   defining Unicode char U+03C1 (decimal 961)
   defining Unicode char U+03C2 (decimal 962)
   defining Unicode char U+03C3 (decimal 963)
   defining Unicode char U+03C4 (decimal 964)
   defining Unicode char U+03C5 (decimal 965)
   defining Unicode char U+03C6 (decimal 966)
   defining Unicode char U+03C7 (decimal 967)
   defining Unicode char U+03C8 (decimal 968)
   defining Unicode char U+03C9 (decimal 969)
   defining Unicode char U+03CA (decimal 970)
   defining Unicode char U+03CB (decimal 971)
   defining Unicode char U+03CC (decimal 972)
   defining Unicode char U+03CD (decimal 973)
   defining Unicode char U+03CE (decimal 974)
   defining Unicode char U+03D0 (decimal 976)
   defining Unicode char U+03D1 (decimal 977)
   defining Unicode char U+03D5 (decimal 981)
   defining Unicode char U+03D6 (decimal 982)
   defining Unicode char U+03D8 (decimal 984)
   defining Unicode char U+03D9 (decimal 985)
   defining Unicode char U+03DA (decimal 986)
   defining Unicode char U+03DB (decimal 987)
   defining Unicode char U+03DC (decimal 988)
   defining Unicode char U+03DD (decimal 989)
   defining Unicode char U+03DE (decimal 990)
   defining Unicode char U+03DF (decimal 991)
   defining Unicode char U+03E0 (decimal 992)
   defining Unicode char U+03E1 (decimal 993)
   defining Unicode char U+03F0 (decimal 1008)
   defining Unicode char U+03F1 (decimal 1009)
   defining Unicode char U+03F4 (decimal 1012)
   defining Unicode char U+03F5 (decimal 1013)
   defining Unicode char U+1F00 (decimal 7936)
   defining Unicode char U+1F01 (decimal 7937)
   defining Unicode char U+1F02 (decimal 7938)
   defining Unicode char U+1F03 (decimal 7939)
   defining Unicode char U+1F04 (decimal 7940)
   defining Unicode char U+1F05 (decimal 7941)
   defining Unicode char U+1F06 (decimal 7942)
   defining Unicode char U+1F07 (decimal 7943)
   defining Unicode char U+1F08 (decimal 7944)
   defining Unicode char U+1F09 (decimal 7945)
   defining Unicode char U+1F0A (decimal 7946)
   defining Unicode char U+1F0B (decimal 7947)
   defining Unicode char U+1F0C (decimal 7948)
   defining Unicode char U+1F0D (decimal 7949)
   defining Unicode char U+1F0E (decimal 7950)
   defining Unicode char U+1F0F (decimal 7951)
   defining Unicode char U+1F10 (decimal 7952)
   defining Unicode char U+1F11 (decimal 7953)
   defining Unicode char U+1F12 (decimal 7954)
   defining Unicode char U+1F13 (decimal 7955)
   defining Unicode char U+1F14 (decimal 7956)
   defining Unicode char U+1F15 (decimal 7957)
   defining Unicode char U+1F18 (decimal 7960)
   defining Unicode char U+1F19 (decimal 7961)
   defining Unicode char U+1F1A (decimal 7962)
   defining Unicode char U+1F1B (decimal 7963)
   defining Unicode char U+1F1C (decimal 7964)
   defining Unicode char U+1F1D (decimal 7965)
   defining Unicode char U+1F20 (decimal 7968)
   defining Unicode char U+1F21 (decimal 7969)
   defining Unicode char U+1F22 (decimal 7970)
   defining Unicode char U+1F23 (decimal 7971)
   defining Unicode char U+1F24 (decimal 7972)
   defining Unicode char U+1F25 (decimal 7973)
   defining Unicode char U+1F26 (decimal 7974)
   defining Unicode char U+1F27 (decimal 7975)
   defining Unicode char U+1F28 (decimal 7976)
   defining Unicode char U+1F29 (decimal 7977)
   defining Unicode char U+1F2A (decimal 7978)
   defining Unicode char U+1F2B (decimal 7979)
   defining Unicode char U+1F2C (decimal 7980)
   defining Unicode char U+1F2D (decimal 7981)
   defining Unicode char U+1F2E (decimal 7982)
   defining Unicode char U+1F2F (decimal 7983)
   defining Unicode char U+1F30 (decimal 7984)
   defining Unicode char U+1F31 (decimal 7985)
   defining Unicode char U+1F32 (decimal 7986)
   defining Unicode char U+1F33 (decimal 7987)
   defining Unicode char U+1F34 (decimal 7988)
   defining Unicode char U+1F35 (decimal 7989)
   defining Unicode char U+1F36 (decimal 7990)
   defining Unicode char U+1F37 (decimal 7991)
   defining Unicode char U+1F38 (decimal 7992)
   defining Unicode char U+1F39 (decimal 7993)
   defining Unicode char U+1F3A (decimal 7994)
   defining Unicode char U+1F3B (decimal 7995)
   defining Unicode char U+1F3C (decimal 7996)
   defining Unicode char U+1F3D (decimal 7997)
   defining Unicode char U+1F3E (decimal 7998)
   defining Unicode char U+1F3F (decimal 7999)
   defining Unicode char U+1F40 (decimal 8000)
   defining Unicode char U+1F41 (decimal 8001)
   defining Unicode char U+1F42 (decimal 8002)
   defining Unicode char U+1F43 (decimal 8003)
   defining Unicode char U+1F44 (decimal 8004)
   defining Unicode char U+1F45 (decimal 8005)
   defining Unicode char U+1F48 (decimal 8008)
   defining Unicode char U+1F49 (decimal 8009)
   defining Unicode char U+1F4A (decimal 8010)
   defining Unicode char U+1F4B (decimal 8011)
   defining Unicode char U+1F4C (decimal 8012)
   defining Unicode char U+1F4D (decimal 8013)
   defining Unicode char U+1F50 (decimal 8016)
   defining Unicode char U+1F51 (decimal 8017)
   defining Unicode char U+1F52 (decimal 8018)
   defining Unicode char U+1F53 (decimal 8019)
   defining Unicode char U+1F54 (decimal 8020)
   defining Unicode char U+1F55 (decimal 8021)
   defining Unicode char U+1F56 (decimal 8022)
   defining Unicode char U+1F57 (decimal 8023)
   defining Unicode char U+1F59 (decimal 8025)
   defining Unicode char U+1F5B (decimal 8027)
   defining Unicode char U+1F5D (decimal 8029)
   defining Unicode char U+1F5F (decimal 8031)
   defining Unicode char U+1F60 (decimal 8032)
   defining Unicode char U+1F61 (decimal 8033)
   defining Unicode char U+1F62 (decimal 8034)
   defining Unicode char U+1F63 (decimal 8035)
   defining Unicode char U+1F64 (decimal 8036)
   defining Unicode char U+1F65 (decimal 8037)
   defining Unicode char U+1F66 (decimal 8038)
   defining Unicode char U+1F67 (decimal 8039)
   defining Unicode char U+1F68 (decimal 8040)
   defining Unicode char U+1F69 (decimal 8041)
   defining Unicode char U+1F6A (decimal 8042)
   defining Unicode char U+1F6B (decimal 8043)
   defining Unicode char U+1F6C (decimal 8044)
   defining Unicode char U+1F6D (decimal 8045)
   defining Unicode char U+1F6E (decimal 8046)
   defining Unicode char U+1F6F (decimal 8047)
   defining Unicode char U+1F70 (decimal 8048)
   defining Unicode char U+1F71 (decimal 8049)
   defining Unicode char U+1F72 (decimal 8050)
   defining Unicode char U+1F73 (decimal 8051)
   defining Unicode char U+1F74 (decimal 8052)
   defining Unicode char U+1F75 (decimal 8053)
   defining Unicode char U+1F76 (decimal 8054)
   defining Unicode char U+1F77 (decimal 8055)
   defining Unicode char U+1F78 (decimal 8056)
   defining Unicode char U+1F79 (decimal 8057)
   defining Unicode char U+1F7A (decimal 8058)
   defining Unicode char U+1F7B (decimal 8059)
   defining Unicode char U+1F7C (decimal 8060)
   defining Unicode char U+1F7D (decimal 8061)
   defining Unicode char U+1F80 (decimal 8064)
   defining Unicode char U+1F81 (decimal 8065)
   defining Unicode char U+1F82 (decimal 8066)
   defining Unicode char U+1F83 (decimal 8067)
   defining Unicode char U+1F84 (decimal 8068)
   defining Unicode char U+1F85 (decimal 8069)
   defining Unicode char U+1F86 (decimal 8070)
   defining Unicode char U+1F87 (decimal 8071)
   defining Unicode char U+1F88 (decimal 8072)
   defining Unicode char U+1F89 (decimal 8073)
   defining Unicode char U+1F8A (decimal 8074)
   defining Unicode char U+1F8B (decimal 8075)
   defining Unicode char U+1F8C (decimal 8076)
   defining Unicode char U+1F8D (decimal 8077)
   defining Unicode char U+1F8E (decimal 8078)
   defining Unicode char U+1F8F (decimal 8079)
   defining Unicode char U+1F90 (decimal 8080)
   defining Unicode char U+1F91 (decimal 8081)
   defining Unicode char U+1F92 (decimal 8082)
   defining Unicode char U+1F93 (decimal 8083)
   defining Unicode char U+1F94 (decimal 8084)
   defining Unicode char U+1F95 (decimal 8085)
   defining Unicode char U+1F96 (decimal 8086)
   defining Unicode char U+1F97 (decimal 8087)
   defining Unicode char U+1F98 (decimal 8088)
   defining Unicode char U+1F99 (decimal 8089)
   defining Unicode char U+1F9A (decimal 8090)
   defining Unicode char U+1F9B (decimal 8091)
   defining Unicode char U+1F9C (decimal 8092)
   defining Unicode char U+1F9D (decimal 8093)
   defining Unicode char U+1F9E (decimal 8094)
   defining Unicode char U+1F9F (decimal 8095)
   defining Unicode char U+1FA0 (decimal 8096)
   defining Unicode char U+1FA1 (decimal 8097)
   defining Unicode char U+1FA2 (decimal 8098)
   defining Unicode char U+1FA3 (decimal 8099)
   defining Unicode char U+1FA4 (decimal 8100)
   defining Unicode char U+1FA5 (decimal 8101)
   defining Unicode char U+1FA6 (decimal 8102)
   defining Unicode char U+1FA7 (decimal 8103)
   defining Unicode char U+1FA8 (decimal 8104)
   defining Unicode char U+1FA9 (decimal 8105)
   defining Unicode char U+1FAA (decimal 8106)
   defining Unicode char U+1FAB (decimal 8107)
   defining Unicode char U+1FAC (decimal 8108)
   defining Unicode char U+1FAD (decimal 8109)
   defining Unicode char U+1FAE (decimal 8110)
   defining Unicode char U+1FAF (decimal 8111)
   defining Unicode char U+1FB0 (decimal 8112)
   defining Unicode char U+1FB1 (decimal 8113)
   defining Unicode char U+1FB2 (decimal 8114)
   defining Unicode char U+1FB3 (decimal 8115)
   defining Unicode char U+1FB4 (decimal 8116)
   defining Unicode char U+1FB6 (decimal 8118)
   defining Unicode char U+1FB7 (decimal 8119)
   defining Unicode char U+1FB8 (decimal 8120)
   defining Unicode char U+1FB9 (decimal 8121)
   defining Unicode char U+1FBA (decimal 8122)
   defining Unicode char U+1FBB (decimal 8123)
   defining Unicode char U+1FBC (decimal 8124)
   defining Unicode char U+1FBD (decimal 8125)
   defining Unicode char U+1FBE (decimal 8126)
   defining Unicode char U+1FBF (decimal 8127)
   defining Unicode char U+1FC0 (decimal 8128)
   defining Unicode char U+1FC1 (decimal 8129)
   defining Unicode char U+1FC2 (decimal 8130)
   defining Unicode char U+1FC3 (decimal 8131)
   defining Unicode char U+1FC4 (decimal 8132)
   defining Unicode char U+1FC6 (decimal 8134)
   defining Unicode char U+1FC7 (decimal 8135)
   defining Unicode char U+1FC8 (decimal 8136)
   defining Unicode char U+1FC9 (decimal 8137)
   defining Unicode char U+1FCA (decimal 8138)
   defining Unicode char U+1FCB (decimal 8139)
   defining Unicode char U+1FCC (decimal 8140)
   defining Unicode char U+1FCD (decimal 8141)
   defining Unicode char U+1FCE (decimal 8142)
   defining Unicode char U+1FCF (decimal 8143)
   defining Unicode char U+1FD0 (decimal 8144)
   defining Unicode char U+1FD1 (decimal 8145)
   defining Unicode char U+1FD2 (decimal 8146)
   defining Unicode char U+1FD3 (decimal 8147)
   defining Unicode char U+1FD6 (decimal 8150)
   defining Unicode char U+1FD7 (decimal 8151)
   defining Unicode char U+1FD8 (decimal 8152)
   defining Unicode char U+1FD9 (decimal 8153)
   defining Unicode char U+1FDA (decimal 8154)
   defining Unicode char U+1FDB (decimal 8155)
   defining Unicode char U+1FDD (decimal 8157)
   defining Unicode char U+1FDE (decimal 8158)
   defining Unicode char U+1FDF (decimal 8159)
   defining Unicode char U+1FE0 (decimal 8160)
   defining Unicode char U+1FE1 (decimal 8161)
   defining Unicode char U+1FE2 (decimal 8162)
   defining Unicode char U+1FE3 (decimal 8163)
   defining Unicode char U+1FE4 (decimal 8164)
   defining Unicode char U+1FE5 (decimal 8165)
   defining Unicode char U+1FE6 (decimal 8166)
   defining Unicode char U+1FE7 (decimal 8167)
   defining Unicode char U+1FE8 (decimal 8168)
   defining Unicode char U+1FE9 (decimal 8169)
   defining Unicode char U+1FEA (decimal 8170)
   defining Unicode char U+1FEB (decimal 8171)
   defining Unicode char U+1FEC (decimal 8172)
   defining Unicode char U+1FED (decimal 8173)
   defining Unicode char U+1FEE (decimal 8174)
   defining Unicode char U+1FEF (decimal 8175)
   defining Unicode char U+1FF2 (decimal 8178)
   defining Unicode char U+1FF3 (decimal 8179)
   defining Unicode char U+1FF4 (decimal 8180)
   defining Unicode char U+1FF6 (decimal 8182)
   defining Unicode char U+1FF7 (decimal 8183)
   defining Unicode char U+1FF8 (decimal 8184)
   defining Unicode char U+1FF9 (decimal 8185)
   defining Unicode char U+1FFA (decimal 8186)
   defining Unicode char U+1FFB (decimal 8187)
   defining Unicode char U+1FFC (decimal 8188)
   defining Unicode char U+1FFD (decimal 8189)
   defining Unicode char U+1FFE (decimal 8190)
   defining Unicode char U+2013 (decimal 8211)
   defining Unicode char U+2014 (decimal 8212)
   defining Unicode char U+2018 (decimal 8216)
   defining Unicode char U+2019 (decimal 8217)
   defining Unicode char U+201A (decimal 8218)
   defining Unicode char U+2030 (decimal 8240)
   defining Unicode char U+2039 (decimal 8249)
   defining Unicode char U+203A (decimal 8250)
   defining Unicode char U+20AC (decimal 8364)
   defining Unicode char U+2126 (decimal 8486)
   defining Unicode char U+10144 (decimal 65860)
   defining Unicode char U+10145 (decimal 65861)
   defining Unicode char U+10146 (decimal 65862)
   defining Unicode char U+10147 (decimal 65863)
)
(C:\Users\AKAM\AppData\Roaming\MiKTeX\tex/latex/greek-fontenc\greek-fontenc.def
File: greek-fontenc.def 2023-09-12 2.5 Common Greek font encoding definitions
))
Package textgreek Info: Loaded fontmap: {eur/*/*}{U/eur/*/*} {phv/*/*}{U/psy/*/
*}. on input line 69.
)
\c@comp=\count369
\c@theo=\count370
\c@defn=\count371
\c@lem=\count372
\c@prop=\count373
\c@axiom=\count374
\c@post=\count375
\c@trans=\count376
\c@transf=\count377
\c@law=\count378
\c@prob=\count379
\c@soln=\count380
\c@alg=\count381
 (C:\Users\AKAM\AppData\Roaming\MiKTeX\tex/generic/soul\soul.sty
Package: soul 2023-06-14 v3.1 Permit use of UTF-8 characters in soul (HO)

(C:\Users\AKAM\AppData\Roaming\MiKTeX\tex/generic/soul\soul-ori.sty
Package: soul-ori 2023-06-14 v3.1 letterspacing/underlining (mf)
\SOUL@word=\toks52
\SOUL@lasttoken=\toks53
\SOUL@syllable=\toks54
\SOUL@cmds=\toks55
\SOUL@buffer=\toks56
\SOUL@token=\toks57
\SOUL@syllgoal=\dimen319
\SOUL@syllwidth=\dimen320
\SOUL@charkern=\dimen321
\SOUL@hyphkern=\dimen322
\SOUL@dimen=\dimen323
\SOUL@dimeni=\dimen324
\SOUL@minus=\count382
\SOUL@comma=\count383
\SOUL@apo=\count384
\SOUL@grave=\count385
\SOUL@spaceskip=\skip82
\SOUL@ttwidth=\dimen325
\SOUL@uldp=\dimen326
\SOUL@ulht=\dimen327
)
(C:\Users\AKAM\AppData\Roaming\MiKTeX\tex/generic/etexcmds\etexcmds.sty
Package: etexcmds 2019/12/15 v1.7 Avoid name clashes with e-TeX commands (HO)
))
(C:\Users\AKAM\AppData\Roaming\MiKTeX\tex/latex/wrapfig\wrapfig.sty
\wrapoverhang=\dimen328
\WF@size=\dimen329
\c@WF@wrappedlines=\count386
\WF@box=\box85
\WF@everypar=\toks58
Package: wrapfig 2003/01/31  v 3.6
)
(C:\Users\AKAM\AppData\Roaming\MiKTeX\tex/latex/pdfpages\pdfpages.sty
Package: pdfpages 2024/08/20 v0.6b Insert pages of external PDF documents (AM)

(C:\Program Files\MiKTeX\tex/latex/base\ifthen.sty
Package: ifthen 2024/03/16 v1.1e Standard LaTeX ifthen package (DPC)
)
(C:\Users\AKAM\AppData\Roaming\MiKTeX\tex/latex/eso-pic\eso-pic.sty
Package: eso-pic 2023/05/03 v3.0c eso-pic (RN)
\ESO@tempdima=\dimen330
\ESO@tempdimb=\dimen331
)
\AM@pagewidth=\dimen332
\AM@pageheight=\dimen333
\AM@fboxrule=\dimen334

(C:\Users\AKAM\AppData\Roaming\MiKTeX\tex/latex/pdfpages\pppdftex.def
File: pppdftex.def 2024/08/20 v0.6b Pdfpages driver for pdfTeX (AM)
)
\pdfpages@includegraphics@status=\count387
\AM@pagebox=\box86
\AM@global@opts=\toks59
\AM@pagecnt=\count388
\AM@toc@title=\toks60
\AM@lof@heading=\toks61
\c@AM@survey=\count389
\AM@templatesizebox=\box87
)
(C:\Users\AKAM\AppData\Roaming\MiKTeX\tex/latex/caption\subcaption.sty
Package: subcaption 2023/07/28 v1.6b Sub-captions (AR)
Package caption Info: New subtype `subfigure' on input line 238.
\c@subfigure=\count390
Package caption Info: New subtype `subtable' on input line 238.
\c@subtable=\count391
)
(C:\Program Files\MiKTeX\tex/latex/colortbl\colortbl.sty
Package: colortbl 2024/10/29 v1.0k Color table columns (DPC)
\everycr=\toks62
\minrowclearance=\skip83
\rownum=\count392
)
(C:\Program Files\MiKTeX\tex/latex/tcolorbox\tcolorbox.sty
Package: tcolorbox 2025/09/09 version 6.8.0 text color boxes

(C:\Program Files\MiKTeX\tex/latex/tools\verbatim.sty
Package: verbatim 2024-01-22 v1.5x LaTeX2e package for verbatim enhancements
\every@verbatim=\toks63
\verbatim@line=\toks64
\verbatim@in@stream=\read4
)
(C:\Program Files\MiKTeX\tex/latex/environ\environ.sty
Package: environ 2014/05/04 v0.3 A new way to define environments

(C:\Program Files\MiKTeX\tex/latex/trimspaces\trimspaces.sty
Package: trimspaces 2009/09/17 v1.1 Trim spaces around a token list
))
\tcb@titlebox=\box88
\tcb@upperbox=\box89
\tcb@lowerbox=\box90
\tcb@phantombox=\box91
\c@tcbbreakpart=\count393
\c@tcblayer=\count394
\c@tcolorbox@number=\count395
\l__tcobox_tmpa_box=\box92
\l__tcobox_tmpa_dim=\dimen335
\tcb@temp=\box93
\tcb@temp=\box94
\tcb@temp=\box95
\tcb@temp=\box96
)
(C:\Program Files\MiKTeX\tex/latex/tcolorbox\tcblistings.code.tex
Library (tcolorbox): 'tcblistings.code.tex' version '6.8.0'
(C:\Program Files\MiKTeX\tex/latex/tcolorbox\tcblistingscore.code.tex
Library (tcolorbox): 'tcblistingscore.code.tex' version '6.8.0'
(C:\Program Files\MiKTeX\tex/latex/tcolorbox\tcbprocessing.code.tex
Library (tcolorbox): 'tcbprocessing.code.tex' version '6.8.0'
)
\c@tcblisting=\count396
)) (C:\Program Files\MiKTeX\tex/latex/tcolorbox\tcbskins.code.tex
Library (tcolorbox): 'tcbskins.code.tex' version '6.8.0'
(C:\Users\AKAM\AppData\Roaming\MiKTeX\tex/latex/tikzfill\tikzfill.image.sty
Package: tikzfill.image 2023/08/08 v1.0.1 Image filling library for TikZ

(C:\Users\AKAM\AppData\Roaming\MiKTeX\tex/latex/tikzfill\tikzfill-common.sty
Package: tikzfill-common 2023/08/08 v1.0.1 Auxiliary code for tikzfill
)
(C:\Users\AKAM\AppData\Roaming\MiKTeX\tex/latex/tikzfill\tikzlibraryfill.image.
code.tex
File: tikzlibraryfill.image.code.tex 2023/08/08 v1.0.1 Image filling library
\l__tikzfill_img_box=\box97
)) (C:\Program Files\MiKTeX\tex/latex/tcolorbox\tcbskinsjigsaw.code.tex
Library (tcolorbox): 'tcbskinsjigsaw.code.tex' version '6.8.0'
)) (C:\Program Files\MiKTeX\tex/latex/tcolorbox\tcbbreakable.code.tex
Library (tcolorbox): 'tcbbreakable.code.tex' version '6.8.0'
(C:\Users\AKAM\AppData\Roaming\MiKTeX\tex/latex/pdfcol\pdfcol.sty
Package: pdfcol 2022-09-21 v1.7 Handle new color stacks for pdfTeX (HO)
)
Package pdfcol Info: New color stack `tcb@breakable' = 1 on input line 23.
\tcb@testbox=\box98
\tcb@totalupperbox=\box99
\tcb@totallowerbox=\box100
)
(C:\Program Files\MiKTeX\tex/latex/l3backend\l3backend-pdftex.def
File: l3backend-pdftex.def 2024-05-08 L3 backend support: PDF output (pdfTeX)
\l__color_backend_stack_int=\count397
\l__pdf_internal_box=\box101
)

LaTeX Warning: Unused global option(s):
    [18pt].

(TransformaticsInGENETICS---2026---JWL--HYPER-EDTN.aux)
\openout1 = `TransformaticsInGENETICS---2026---JWL--HYPER-EDTN.aux'.

LaTeX Font Info:    Checking defaults for OML/cmm/m/it on input line 273.
LaTeX Font Info:    ... okay on input line 273.
LaTeX Font Info:    Checking defaults for OMS/cmsy/m/n on input line 273.
LaTeX Font Info:    ... okay on input line 273.
LaTeX Font Info:    Checking defaults for OT1/cmr/m/n on input line 273.
LaTeX Font Info:    ... okay on input line 273.
LaTeX Font Info:    Checking defaults for T1/cmr/m/n on input line 273.
LaTeX Font Info:    ... okay on input line 273.
LaTeX Font Info:    Checking defaults for TS1/cmr/m/n on input line 273.
LaTeX Font Info:    ... okay on input line 273.
LaTeX Font Info:    Checking defaults for OMX/cmex/m/n on input line 273.
LaTeX Font Info:    ... okay on input line 273.
LaTeX Font Info:    Checking defaults for U/cmr/m/n on input line 273.
LaTeX Font Info:    ... okay on input line 273.
LaTeX Font Info:    Checking defaults for PD1/pdf/m/n on input line 273.
LaTeX Font Info:    ... okay on input line 273.
LaTeX Font Info:    Checking defaults for PU/pdf/m/n on input line 273.
LaTeX Font Info:    ... okay on input line 273.
LaTeX Font Info:    Checking defaults for LGR/cmr/m/n on input line 273.
LaTeX Font Info:    Trying to load font information for LGR+cmr on input line 2
73.

(C:\Users\AKAM\AppData\Roaming\MiKTeX\tex/latex/cbfonts-fd\lgrcmr.fd
File: lgrcmr.fd 2017/07/29 v1.2 Greek European Computer Regular
)
LaTeX Font Info:    ... okay on input line 273.

*geometry* driver: auto-detecting
*geometry* detected driver: pdftex
*geometry* verbose mode - [ preamble ] result:
* driver: pdftex
* paper: a4paper
* layout: <same size as paper>
* layoutoffset:(h,v)=(0.0pt,0.0pt)
* modes: twoside 
* h-part:(L,W,R)=(57.81621pt, 496.32924pt, 43.36243pt)
* v-part:(T,H,B)=(57.81621pt, 729.41443pt, 57.81621pt)
* \paperwidth=597.50787pt
* \paperheight=845.04684pt
* \textwidth=496.32924pt
* \textheight=729.41443pt
* \oddsidemargin=-14.45378pt
* \evensidemargin=-28.90756pt
* \topmargin=-44.52127pt
* \headheight=12.0pt
* \headsep=18.06749pt
* \topskip=10.0pt
* \footskip=25.29494pt
* \marginparwidth=115.0pt
* \marginparsep=7.0pt
* \columnsep=10.0pt
* \skip\footins=9.0pt plus 4.0pt minus 2.0pt
* \hoffset=0.0pt
* \voffset=0.0pt
* \mag=1000
* \@twocolumnfalse
* \@twosidetrue
* \@mparswitchtrue
* \@reversemarginfalse
* (1in=72.27pt=25.4mm, 1cm=28.453pt)

(C:\Program Files\MiKTeX\tex/context/base/mkii\supp-pdf.mkii
[Loading MPS to PDF converter (version 2006.09.02).]
\scratchcounter=\count398
\scratchdimen=\dimen336
\scratchbox=\box102
\nofMPsegments=\count399
\nofMParguments=\count400
\everyMPshowfont=\toks65
\MPscratchCnt=\count401
\MPscratchDim=\dimen337
\MPnumerator=\count402
\makeMPintoPDFobject=\count403
\everyMPtoPDFconversion=\toks66
) (C:\Program Files\MiKTeX\tex/latex/epstopdf-pkg\epstopdf-base.sty
Package: epstopdf-base 2020-01-24 v2.11 Base part for package epstopdf
Package epstopdf-base Info: Redefining graphics rule for `.eps' on input line 4
85.

(C:\Program Files\MiKTeX\tex/latex/00miktex\epstopdf-sys.cfg
File: epstopdf-sys.cfg 2021/03/18 v2.0 Configuration of epstopdf for MiKTeX
))
Package caption Info: Begin \AtBeginDocument code.
Package caption Info: float package is loaded.
Package caption Info: hyperref package is loaded.
Package caption Info: listings package is loaded.
Package caption Info: longtable package is loaded.

(C:\Users\AKAM\AppData\Roaming\MiKTeX\tex/latex/caption\ltcaption.sty
Package: ltcaption 2021/01/08 v1.4c longtable captions (AR)
)
Package caption Info: wrapfig package is loaded.
Package caption Info: End \AtBeginDocument code.
Package hyperref Info: Link coloring OFF on input line 273.

(TransformaticsInGENETICS---2026---JWL--HYPER-EDTN.out)
(TransformaticsInGENETICS---2026---JWL--HYPER-EDTN.out)
\@outlinefile=\write6
\openout6 = `TransformaticsInGENETICS---2026---JWL--HYPER-EDTN.out'.


(C:\Program Files\MiKTeX\tex/latex/base\textcomp.sty
Package: textcomp 2024/04/24 v2.1b Standard LaTeX package
)
\c@lstlisting=\count404

(C:\Users\AKAM\AppData\Roaming\MiKTeX\tex/latex/pdflscape\pdflscape.sty
Package: pdflscape 2022-10-27 v0.13 Display of landscape pages in PDF

(C:\Users\AKAM\AppData\Roaming\MiKTeX\tex/latex/pdflscape\pdflscape-nometadata.
sty
Package: pdflscape-nometadata 2022-10-28 v0.13 Display of landscape pages in PD
F (HO)
 (C:\Program Files\MiKTeX\tex/latex/graphics\lscape.sty
Package: lscape 2020/05/28 v3.02 Landscape Pages (DPC)
)
Package pdflscape Info: Auto-detected driver: pdftex on input line 81.
))

pdfTeX warning: pdflatex (file ./resources/pdfs/front_cover.pdf): PDF inclusion
: found PDF version <1.7>, but at most version <1.5> allowed
<resources/pdfs/front_cover.pdf, id=38, 596.98032pt x 844.65562pt>
File: resources/pdfs/front_cover.pdf Graphic file (type pdf)
<use resources/pdfs/front_cover.pdf>
Package pdftex.def Info: resources/pdfs/front_cover.pdf  used on input line 279
.
(pdftex.def)             Requested size: 596.97885pt x 844.65356pt.


pdfTeX warning: pdflatex (file ./resources/pdfs/front_cover.pdf): PDF inclusion
: found PDF version <1.7>, but at most version <1.5> allowed
File: resources/pdfs/front_cover.pdf Graphic file (type pdf)
<use resources/pdfs/front_cover.pdf>
Package pdftex.def Info: resources/pdfs/front_cover.pdf  used on input line 279
.
(pdftex.def)             Requested size: 596.97885pt x 844.65356pt.


pdfTeX warning: pdflatex (file ./resources/pdfs/front_cover.pdf): PDF inclusion
: found PDF version <1.7>, but at most version <1.5> allowed


pdfTeX warning: pdflatex (file ./resources/pdfs/front_cover.pdf): PDF inclusion
: found PDF version <1.7>, but at most version <1.5> allowed
<resources/pdfs/front_cover.pdf, id=41, page=1, 596.98032pt x 844.65562pt>
File: resources/pdfs/front_cover.pdf Graphic file (type pdf)
<use resources/pdfs/front_cover.pdf, page 1>
Package pdftex.def Info: resources/pdfs/front_cover.pdf , page1 used on input l
ine 279.
(pdftex.def)             Requested size: 596.97885pt x 844.65356pt.
File: resources/pdfs/front_cover.pdf Graphic file (type pdf)
<use resources/pdfs/front_cover.pdf, page 1>
Package pdftex.def Info: resources/pdfs/front_cover.pdf , page1 used on input l
ine 279.
(pdftex.def)             Requested size: 597.71669pt x 845.69751pt.
File: resources/pdfs/front_cover.pdf Graphic file (type pdf)
<use resources/pdfs/front_cover.pdf, page 1>
Package pdftex.def Info: resources/pdfs/front_cover.pdf , page1 used on input l
ine 279.
(pdftex.def)             Requested size: 597.71669pt x 845.69751pt.
File: resources/pdfs/front_cover.pdf Graphic file (type pdf)
<use resources/pdfs/front_cover.pdf, page 1>
Package pdftex.def Info: resources/pdfs/front_cover.pdf , page1 used on input l
ine 279.
(pdftex.def)             Requested size: 597.71669pt x 845.69751pt.


File: resources/pdfs/front_cover.pdf Graphic file (type pdf)
<use resources/pdfs/front_cover.pdf, page 1>
Package pdftex.def Info: resources/pdfs/front_cover.pdf , page1 used on input l
ine 279.
(pdftex.def)             Requested size: 597.71669pt x 845.69751pt.
[1



 <./resources/pdfs/front_cover.pdf>]
<resources/pdfs/FrontisMatter.pdf, id=56, 614.295pt x 794.97pt>
File: resources/pdfs/FrontisMatter.pdf Graphic file (type pdf)
<use resources/pdfs/FrontisMatter.pdf>
Package pdftex.def Info: resources/pdfs/FrontisMatter.pdf  used on input line 2
83.
(pdftex.def)             Requested size: 614.29349pt x 794.96806pt.
File: resources/pdfs/FrontisMatter.pdf Graphic file (type pdf)
<use resources/pdfs/FrontisMatter.pdf>
Package pdftex.def Info: resources/pdfs/FrontisMatter.pdf  used on input line 2
83.
(pdftex.def)             Requested size: 614.29349pt x 794.96806pt.
<resources/pdfs/FrontisMatter.pdf, id=59, page=1, 614.295pt x 794.97pt>
File: resources/pdfs/FrontisMatter.pdf Graphic file (type pdf)
<use resources/pdfs/FrontisMatter.pdf, page 1>
Package pdftex.def Info: resources/pdfs/FrontisMatter.pdf , page1 used on input
 line 283.
(pdftex.def)             Requested size: 614.29349pt x 794.96806pt.
File: resources/pdfs/FrontisMatter.pdf Graphic file (type pdf)
<use resources/pdfs/FrontisMatter.pdf, page 1>
Package pdftex.def Info: resources/pdfs/FrontisMatter.pdf , page1 used on input
 line 283.
(pdftex.def)             Requested size: 597.78697pt x 773.60669pt.
File: resources/pdfs/FrontisMatter.pdf Graphic file (type pdf)
<use resources/pdfs/FrontisMatter.pdf, page 1>
Package pdftex.def Info: resources/pdfs/FrontisMatter.pdf , page1 used on input
 line 283.
(pdftex.def)             Requested size: 597.78697pt x 773.60669pt.
File: resources/pdfs/FrontisMatter.pdf Graphic file (type pdf)
<use resources/pdfs/FrontisMatter.pdf, page 1>
Package pdftex.def Info: resources/pdfs/FrontisMatter.pdf , page1 used on input
 line 283.
(pdftex.def)             Requested size: 597.78697pt x 773.60669pt.


File: resources/pdfs/FrontisMatter.pdf Graphic file (type pdf)
<use resources/pdfs/FrontisMatter.pdf, page 1>
Package pdftex.def Info: resources/pdfs/FrontisMatter.pdf , page1 used on input
 line 283.
(pdftex.def)             Requested size: 597.78697pt x 773.60669pt.
[2

 <./resources/pdfs/FrontisMatter.pdf>]
<resources/pdfs/FrontisMatter.pdf, id=82, page=2, 614.295pt x 794.97pt>
File: resources/pdfs/FrontisMatter.pdf Graphic file (type pdf)
<use resources/pdfs/FrontisMatter.pdf, page 2>
Package pdftex.def Info: resources/pdfs/FrontisMatter.pdf , page2 used on input
 line 283.
(pdftex.def)             Requested size: 597.78697pt x 773.60669pt.
File: resources/pdfs/FrontisMatter.pdf Graphic file (type pdf)
<use resources/pdfs/FrontisMatter.pdf, page 2>
Package pdftex.def Info: resources/pdfs/FrontisMatter.pdf , page2 used on input
 line 283.
(pdftex.def)             Requested size: 597.78697pt x 773.60669pt.


File: resources/pdfs/FrontisMatter.pdf Graphic file (type pdf)
<use resources/pdfs/FrontisMatter.pdf, page 2>
Package pdftex.def Info: resources/pdfs/FrontisMatter.pdf , page2 used on input
 line 283.
(pdftex.def)             Requested size: 597.78697pt x 773.60669pt.
[3

 <./resources/pdfs/FrontisMatter.pdf>]
<resources/pdfs/FrontisMatter.pdf, id=90, page=3, 614.295pt x 794.97pt>
File: resources/pdfs/FrontisMatter.pdf Graphic file (type pdf)
<use resources/pdfs/FrontisMatter.pdf, page 3>
Package pdftex.def Info: resources/pdfs/FrontisMatter.pdf , page3 used on input
 line 283.
(pdftex.def)             Requested size: 597.78697pt x 773.60669pt.
File: resources/pdfs/FrontisMatter.pdf Graphic file (type pdf)
<use resources/pdfs/FrontisMatter.pdf, page 3>
Package pdftex.def Info: resources/pdfs/FrontisMatter.pdf , page3 used on input
 line 283.
(pdftex.def)             Requested size: 597.78697pt x 773.60669pt.


File: resources/pdfs/FrontisMatter.pdf Graphic file (type pdf)
<use resources/pdfs/FrontisMatter.pdf, page 3>
Package pdftex.def Info: resources/pdfs/FrontisMatter.pdf , page3 used on input
 line 283.
(pdftex.def)             Requested size: 597.78697pt x 773.60669pt.
[4

 <./resources/pdfs/FrontisMatter.pdf>]
<resources/pdfs/FrontisMatter.pdf, id=118, page=4, 614.295pt x 794.97pt>
File: resources/pdfs/FrontisMatter.pdf Graphic file (type pdf)
<use resources/pdfs/FrontisMatter.pdf, page 4>
Package pdftex.def Info: resources/pdfs/FrontisMatter.pdf , page4 used on input
 line 283.
(pdftex.def)             Requested size: 597.78697pt x 773.60669pt.
File: resources/pdfs/FrontisMatter.pdf Graphic file (type pdf)
<use resources/pdfs/FrontisMatter.pdf, page 4>
Package pdftex.def Info: resources/pdfs/FrontisMatter.pdf , page4 used on input
 line 283.
(pdftex.def)             Requested size: 597.78697pt x 773.60669pt.


File: resources/pdfs/FrontisMatter.pdf Graphic file (type pdf)
<use resources/pdfs/FrontisMatter.pdf, page 4>
Package pdftex.def Info: resources/pdfs/FrontisMatter.pdf , page4 used on input
 line 283.
(pdftex.def)             Requested size: 597.78697pt x 773.60669pt.
[5

 <./resources/pdfs/FrontisMatter.pdf>]
<resources/pdfs/FrontisMatter.pdf, id=124, page=5, 614.295pt x 794.97pt>
File: resources/pdfs/FrontisMatter.pdf Graphic file (type pdf)
<use resources/pdfs/FrontisMatter.pdf, page 5>
Package pdftex.def Info: resources/pdfs/FrontisMatter.pdf , page5 used on input
 line 283.
(pdftex.def)             Requested size: 597.78697pt x 773.60669pt.
File: resources/pdfs/FrontisMatter.pdf Graphic file (type pdf)
<use resources/pdfs/FrontisMatter.pdf, page 5>
Package pdftex.def Info: resources/pdfs/FrontisMatter.pdf , page5 used on input
 line 283.
(pdftex.def)             Requested size: 597.78697pt x 773.60669pt.


File: resources/pdfs/FrontisMatter.pdf Graphic file (type pdf)
<use resources/pdfs/FrontisMatter.pdf, page 5>
Package pdftex.def Info: resources/pdfs/FrontisMatter.pdf , page5 used on input
 line 283.
(pdftex.def)             Requested size: 597.78697pt x 773.60669pt.
[6

 <./resources/pdfs/FrontisMatter.pdf>]
<resources/pdfs/FrontisMatter.pdf, id=130, page=6, 614.295pt x 794.97pt>
File: resources/pdfs/FrontisMatter.pdf Graphic file (type pdf)
<use resources/pdfs/FrontisMatter.pdf, page 6>
Package pdftex.def Info: resources/pdfs/FrontisMatter.pdf , page6 used on input
 line 283.
(pdftex.def)             Requested size: 597.78697pt x 773.60669pt.
File: resources/pdfs/FrontisMatter.pdf Graphic file (type pdf)
<use resources/pdfs/FrontisMatter.pdf, page 6>
Package pdftex.def Info: resources/pdfs/FrontisMatter.pdf , page6 used on input
 line 283.
(pdftex.def)             Requested size: 597.78697pt x 773.60669pt.


File: resources/pdfs/FrontisMatter.pdf Graphic file (type pdf)
<use resources/pdfs/FrontisMatter.pdf, page 6>
Package pdftex.def Info: resources/pdfs/FrontisMatter.pdf , page6 used on input
 line 283.
(pdftex.def)             Requested size: 597.78697pt x 773.60669pt.
[7

 <./resources/pdfs/FrontisMatter.pdf>]
<resources/pdfs/FrontisMatter.pdf, id=145, page=7, 614.295pt x 794.97pt>
File: resources/pdfs/FrontisMatter.pdf Graphic file (type pdf)
<use resources/pdfs/FrontisMatter.pdf, page 7>
Package pdftex.def Info: resources/pdfs/FrontisMatter.pdf , page7 used on input
 line 283.
(pdftex.def)             Requested size: 597.78697pt x 773.60669pt.
File: resources/pdfs/FrontisMatter.pdf Graphic file (type pdf)
<use resources/pdfs/FrontisMatter.pdf, page 7>
Package pdftex.def Info: resources/pdfs/FrontisMatter.pdf , page7 used on input
 line 283.
(pdftex.def)             Requested size: 597.78697pt x 773.60669pt.


File: resources/pdfs/FrontisMatter.pdf Graphic file (type pdf)
<use resources/pdfs/FrontisMatter.pdf, page 7>
Package pdftex.def Info: resources/pdfs/FrontisMatter.pdf , page7 used on input
 line 283.
(pdftex.def)             Requested size: 597.78697pt x 773.60669pt.
[8

 <./resources/pdfs/FrontisMatter.pdf>]
LaTeX Font Info:    Trying to load font information for U+msa on input line 288
.

(C:\Program Files\MiKTeX\tex/latex/amsfonts\umsa.fd
File: umsa.fd 2013/01/14 v3.01 AMS symbols A
)
LaTeX Font Info:    Trying to load font information for U+msb on input line 288
.

(C:\Program Files\MiKTeX\tex/latex/amsfonts\umsb.fd
File: umsb.fd 2013/01/14 v3.01 AMS symbols B
)


pdfTeX warning (ext4): destination with the same identifier (name{page.i}) has 
been already used, duplicate ignored
<to be read again> 
                   \relax 
l.288 
       [1

{C:/Users/AKAM/AppData/Local/MiKTeX/fonts/map/pdftex/pdftex.map}]


pdfTeX warning (ext4): destination with the same identifier (name{page.ii}) has
 been already used, duplicate ignored
<to be read again> 
                   \relax 
l.289 \chapter
              *{Dedication} [2

]


pdfTeX warning (ext4): destination with the same identifier (name{page.iii}) ha
s been already used, duplicate ignored
<to be read again> 
                   \relax 
l.303 \tableofcontents
                       [3]


pdfTeX warning (ext4): destination with the same identifier (name{page.iv}) has
 been already used, duplicate ignored
<to be read again> 
                   \relax 
l.303 \tableofcontents
                       [4

]
(TransformaticsInGENETICS---2026---JWL--HYPER-EDTN.toc)
\tf@toc=\write7
\openout7 = `TransformaticsInGENETICS---2026---JWL--HYPER-EDTN.toc'.




pdfTeX warning (ext4): destination with the same identifier (name{page.v}) has 
been already used, duplicate ignored
<to be read again> 
                   \relax 
l.305 \listoffigures
                     [5]


pdfTeX warning (ext4): destination with the same identifier (name{page.vi}) has
 been already used, duplicate ignored
<to be read again> 
                   \relax 
l.305 \listoffigures
                     [6

] (TransformaticsInGENETICS---2026---JWL--HYPER-EDTN.lof)
\tf@lof=\write8
\openout8 = `TransformaticsInGENETICS---2026---JWL--HYPER-EDTN.lof'.




pdfTeX warning (ext4): destination with the same identifier (name{page.vii}) ha
s been already used, duplicate ignored
<to be read again> 
                   \relax 
l.307 \listoftables
                    [7]


pdfTeX warning (ext4): destination with the same identifier (name{page.viii}) h
as been already used, duplicate ignored
<to be read again> 
                   \relax 
l.307 \listoftables
                    [8

] (TransformaticsInGENETICS---2026---JWL--HYPER-EDTN.lot)
\tf@lot=\write9
\openout9 = `TransformaticsInGENETICS---2026---JWL--HYPER-EDTN.lot'.



[9]

[10

]
Underfull \hbox (badness 10000) in paragraph at lines 326--327
[]\OT1/cmtt/m/n/14.4 Jung restored the []colour in science, and made me cherish

 []


Underfull \hbox (badness 10000) in paragraph at lines 326--327

 []


Underfull \hbox (badness 10000) in paragraph at lines 328--329
[]\OT1/cmtt/m/n/14.4 And that in exercising our will we might become aware of
 []


Underfull \hbox (badness 10000) in paragraph at lines 328--329
\OT1/cmtt/m/n/14.4 the divine in us and thus make glory manifest. God is not
 []


LaTeX Warning: Citation `shrinesjwl' on page xi undefined on input line 331.

LaTeX Font Info:    Font shape `OT1/cmtt/bx/it' in size <14.4> not available
(Font)              Font shape `OT1/cmtt/m/it' tried instead on input line 353.


Underfull \hbox (badness 10000) in paragraph at lines 353--354
[]\OT1/cmtt/m/n/14.4 God blessed them, saying to them, \OT1/cmtt/m/it/14.4 Be f
ruitful, multiply,
 []


Underfull \hbox (badness 10000) in paragraph at lines 353--354
\OT1/cmtt/m/it/14.4 fill the earth and subdue it. Be masters of the fish of
 []


Underfull \hbox (badness 10000) in paragraph at lines 353--354
\OT1/cmtt/m/it/14.4 the sea, the birds of heaven and all the living creatures
 []



[11]

LaTeX Warning: Citation `lutalo_2025_sop' on page xii undefined on input line 3
63.


LaTeX Warning: Citation `Lutalo2025_phd' on page xii undefined on input line 36
3.


LaTeX Warning: Citation `transformatics' on page xii undefined on input line 36
3.


LaTeX Warning: Citation `cli_tttt' on page xii undefined on input line 363.



[12]

[13

]

[14

]
Underfull \hbox (badness 10000) in paragraph at lines 426--430

 []



[1

]

[2

]
Chapter 1.
<resources/images/the_pineapple.jpg, id=248, 752.8125pt x 1003.75pt>
File: resources/images/the_pineapple.jpg Graphic file (type jpg)
<use resources/images/the_pineapple.jpg>
Package pdftex.def Info: resources/images/the_pineapple.jpg  used on input line
 443.
(pdftex.def)             Requested size: 328.24042pt x 437.6531pt.

LaTeX Warning: Hyper reference `SEC4' on page 3 undefined on input line 444.


LaTeX Warning: Reference `SEC4' on page 3 undefined on input line 444.


LaTeX Warning: Hyper reference `SEC4' on page 3 undefined on input line 444.


LaTeX Warning: Reference `SEC4' on page 3 undefined on input line 444.


Overfull \hbox (12.4pt too wide) in paragraph at lines 439--449
 [][] 
 []


Underfull \vbox (badness 10000) has occurred while \output is active []



[3]
Overfull \vbox (12.63867pt too high) has occurred while \output is active []



[4 <./resources/images/the_pineapple.jpg>]
Underfull \hbox (badness 10000) in paragraph at lines 460--461
[]\OT1/cmtt/m/n/12 Sex seems to have been invented around two billion years ago
. Before
 []


Underfull \hbox (badness 10000) in paragraph at lines 460--461
\OT1/cmtt/m/n/12 then, new varieties of organisms could arise only from the acc
umulation
 []


Underfull \hbox (badness 10000) in paragraph at lines 460--461
\OT1/cmtt/m/n/12 of random mutations[] --- the selection of changes, letter by 
letter,
 []


Underfull \hbox (badness 10000) in paragraph at lines 460--461
\OT1/cmtt/m/n/12 in the genetic instructions. Evolution must have been agonizin
gly
 []


Underfull \hbox (badness 10000) in paragraph at lines 460--461
\OT1/cmtt/m/n/12 slow. With the invention of sex[], two organisms could exchang
e whole
 []


Underfull \hbox (badness 10000) in paragraph at lines 460--461
\OT1/cmtt/m/n/12 paragraphs, pages and books of their DNA code, producing new v
arieties
 []


Underfull \hbox (badness 10000) in paragraph at lines 460--461
\OT1/cmtt/m/n/12 ready for the sieve of selection. Organisms are selected to en
gage in
 []


Underfull \hbox (badness 10000) in paragraph at lines 460--461
\OT1/cmtt/m/n/12 sex --- the ones that find it uninteresting quickly become ext
inct. And
 []


Underfull \hbox (badness 10000) in paragraph at lines 460--461
\OT1/cmtt/m/n/12 this is true not only for the microbes of two billion years ag
o. We
 []


LaTeX Warning: Citation `sagan1981cosmos' on page 5 undefined on input line 463
.


Underfull \hbox (badness 10000) in paragraph at lines 477--478
[]\OT1/cmtt/m/n/12 The material basis of heredity is DNA[], a ladder-like molec
ule which
 []


Underfull \hbox (badness 10000) in paragraph at lines 477--478
\OT1/cmtt/m/n/12 carries a message in the form of a `four-letter' code, the let
ters being
 []


LaTeX Warning: Citation `gregory1987oxford' on page 5 undefined on input line 4
80.


LaTeX Warning: Citation `bioexplorer2025' on page 5 undefined on input line 490
.


LaTeX Warning: Citation `kang2017deep' on page 5 undefined on input line 490.


LaTeX Warning: Citation `libretexts2025viruses' on page 5 undefined on input li
ne 490.


LaTeX Warning: Citation `libretexts2025viruses' on page 5 undefined on input li
ne 490.


LaTeX Warning: Citation `transformatics' on page 5 undefined on input line 492.



LaTeX Warning: Citation `Lutalo2025_transformatics_thesis' on page 5 undefined 
on input line 492.


LaTeX Warning: Hyper reference `CHAPTRANS' on page 5 undefined on input line 49
2.


LaTeX Warning: Reference `CHAPTRANS' on page 5 undefined on input line 492.

<resources/images/dna_diagram.jpg, id=261, 1927.2pt x 1084.05pt>
File: resources/images/dna_diagram.jpg Graphic file (type jpg)
<use resources/images/dna_diagram.jpg>
Package pdftex.def Info: resources/images/dna_diagram.jpg  used on input line 5
02.
(pdftex.def)             Requested size: 446.69328pt x 251.26158pt.

LaTeX Warning: Citation `wikipedia_basepair' on page 5 undefined on input line 
503.


LaTeX Warning: Citation `wikipedia_basepair' on page 5 undefined on input line 
503.


Overfull \hbox (12.4pt too wide) in paragraph at lines 498--508
 [][] 
 []


Underfull \vbox (badness 10000) has occurred while \output is active []



[5]

LaTeX Warning: Citation `venville2006analogies' on page 6 undefined on input li
ne 512.


LaTeX Warning: Citation `passel_dna_structure' on page 6 undefined on input lin
e 516.


LaTeX Warning: Citation `genomics2025origin' on page 6 undefined on input line 
516.


LaTeX Warning: Citation `libretexts2025gametogenesis' on page 6 undefined on in
put line 516.


LaTeX Warning: Citation `gregory1987oxford' on page 6 undefined on input line 5
16.


LaTeX Warning: Citation `leicester_cellcycle' on page 6 undefined on input line
 516.


LaTeX Warning: Citation `gregory1987oxford' on page 6 undefined on input line 5
17.


LaTeX Warning: Citation `venville2006analogies' on page 6 undefined on input li
ne 517.


LaTeX Warning: Citation `gregory1987oxford' on page 6 undefined on input line 5
18.



[6 <./resources/images/dna_diagram.jpg>]

Package hyperref Warning: Difference (2) between bookmark levels is greater 
(hyperref)                than one, level fixed on input line 525.


Underfull \hbox (badness 10000) in paragraph at lines 539--539

 []


LaTeX Warning: Hyper reference `APPOTHERFUNC' on page 7 undefined on input line
 539.


LaTeX Warning: Hyper reference `TRANSFTELEP' on page 7 undefined on input line 
539.


LaTeX Warning: Reference `TRANSFTELEP' on page 7 undefined on input line 539.


LaTeX Warning: Hyper reference `CHAPINDEX' on page 7 undefined on input line 53
9.



[7]

LaTeX Warning: Hyper reference `SEC05' on page 8 undefined on input line 547.


LaTeX Warning: Reference `SEC05' on page 8 undefined on input line 547.


LaTeX Warning: Hyper reference `SEC3A' on page 8 undefined on input line 553.


LaTeX Warning: Reference `SEC3A' on page 8 undefined on input line 553.


LaTeX Warning: Citation `ossipaper' on page 8 undefined on input line 553.


LaTeX Warning: Hyper reference `SEC4A' on page 8 undefined on input line 555.


LaTeX Warning: Reference `SEC4A' on page 8 undefined on input line 555.


LaTeX Warning: Citation `Lutalo2024_taz' on page 8 undefined on input line 555.



LaTeX Warning: Citation `cli_tttt' on page 8 undefined on input line 555.


LaTeX Warning: Hyper reference `SECPROXPOP' on page 8 undefined on input line 5
55.


LaTeX Warning: Reference `SECPROXPOP' on page 8 undefined on input line 555.


LaTeX Warning: Hyper reference `SECSEQPROXSEQ' on page 8 undefined on input lin
e 555.


LaTeX Warning: Reference `SECSEQPROXSEQ' on page 8 undefined on input line 555.



LaTeX Warning: Hyper reference `SECSEQSTORAGE' on page 8 undefined on input lin
e 555.


LaTeX Warning: Reference `SECSEQSTORAGE' on page 8 undefined on input line 555.



LaTeX Warning: Hyper reference `SECMATHSEQ' on page 8 undefined on input line 5
57.


LaTeX Warning: Reference `SECMATHSEQ' on page 8 undefined on input line 557.


LaTeX Warning: Hyper reference `PROBG1' on page 8 undefined on input line 557.


LaTeX Warning: Hyper reference `PROBG2' on page 8 undefined on input line 557.


LaTeX Warning: Hyper reference `SECCOMPGENSEQ' on page 8 undefined on input lin
e 557.


LaTeX Warning: Hyper reference `SEC05' on page 8 undefined on input line 560.


LaTeX Warning: Reference `SEC05' on page 8 undefined on input line 560.



[8]

LaTeX Warning: Hyper reference `SEC4' on page 9 undefined on input line 563.


LaTeX Warning: Reference `SEC4' on page 9 undefined on input line 563.


LaTeX Warning: Hyper reference `SECOZIN' on page 9 undefined on input line 563.



LaTeX Warning: Reference `SECOZIN' on page 9 undefined on input line 563.


LaTeX Warning: Citation `lutalo_2025_grimlumtauto' on page 9 undefined on input
 line 563.


LaTeX Warning: Hyper reference `SECGENEXPRE' on page 9 undefined on input line 
563.


LaTeX Warning: Reference `SECGENEXPRE' on page 9 undefined on input line 563.


LaTeX Warning: Hyper reference `SECPLATONIC' on page 9 undefined on input line 
563.


LaTeX Warning: Reference `SECPLATONIC' on page 9 undefined on input line 563.


LaTeX Warning: Hyper reference `ALGCOZINPLATO' on page 9 undefined on input lin
e 563.


LaTeX Warning: Reference `ALGCOZINPLATO' on page 9 undefined on input line 563.



LaTeX Warning: Hyper reference `SECFULLGES' on page 9 undefined on input line 5
63.


LaTeX Warning: Reference `SECFULLGES' on page 9 undefined on input line 563.


LaTeX Warning: Hyper reference `CONC' on page 9 undefined on input line 565.


LaTeX Warning: Reference `CONC' on page 9 undefined on input line 565.


LaTeX Warning: Hyper reference `SECFUTUREDIRECT' on page 9 undefined on input l
ine 565.


LaTeX Warning: Reference `SECFUTUREDIRECT' on page 9 undefined on input line 56
5.


LaTeX Warning: Hyper reference `APPOTHERFUNC' on page 9 undefined on input line
 570.


LaTeX Warning: Reference `APPOTHERFUNC' on page 9 undefined on input line 570.


LaTeX Warning: Hyper reference `APPOZIN' on page 9 undefined on input line 572.



LaTeX Warning: Reference `APPOZIN' on page 9 undefined on input line 572.


LaTeX Warning: Hyper reference `SECIFAMSSPFMAPS' on page 9 undefined on input l
ine 574.


LaTeX Warning: Reference `SECIFAMSSPFMAPS' on page 9 undefined on input line 57
4.


LaTeX Warning: Hyper reference `SECALTPFGESA' on page 9 undefined on input line
 576.


LaTeX Warning: Reference `SECALTPFGESA' on page 9 undefined on input line 576.


LaTeX Warning: Hyper reference `CHAPTRANS' on page 9 undefined on input line 57
8.


LaTeX Warning: Reference `CHAPTRANS' on page 9 undefined on input line 578.


LaTeX Warning: Citation `Lutalo2025_transformatics_thesis' on page 9 undefined 
on input line 578.


LaTeX Warning: Hyper reference `CHAPSITTRANS' on page 9 undefined on input line
 580.


LaTeX Warning: Reference `CHAPSITTRANS' on page 9 undefined on input line 580.


LaTeX Warning: Citation `Lutalo2025_transformatics_thesis' on page 9 undefined 
on input line 580.


LaTeX Warning: Hyper reference `SECFUTDIRECT' on page 9 undefined on input line
 582.


LaTeX Warning: Reference `SECFUTDIRECT' on page 9 undefined on input line 582.



[9]

[10

]
Chapter 2.

Underfull \hbox (badness 10000) in paragraph at lines 601--601

 []


LaTeX Warning: Citation `mochizuki_frobenioids1' on page 11 undefined on input 
line 601.


LaTeX Warning: Citation `copilot_dna_assistant' on page 11 undefined on input l
ine 601.


LaTeX Warning: Citation `transformatics' on page 11 undefined on input line 601
.


LaTeX Warning: Hyper reference `CHAPSITTRANS' on page 11 undefined on input lin
e 601.


LaTeX Warning: Reference `CHAPSITTRANS' on page 11 undefined on input line 601.



LaTeX Warning: Citation `transformatics' on page 11 undefined on input line 605
.


Underfull \hbox (badness 10000) in paragraph at lines 605--606

 []


Underfull \hbox (badness 10000) in paragraph at lines 608--609

 []


LaTeX Warning: Citation `wikipedia_nucleic_acid' on page 11 undefined on input 
line 651.


LaTeX Warning: Citation `wikipedia_nucleic_acid' on page 11 undefined on input 
line 651.


LaTeX Warning: Citation `Lutalo2024gtnc' on page 11 undefined on input line 651
.


LaTeX Warning: Citation `transformatics' on page 11 undefined on input line 651
.


LaTeX Warning: Citation `nature_atcg' on page 11 undefined on input line 651.


LaTeX Warning: Citation `wikipedia_nucleic_acid' on page 11 undefined on input 
line 651.


LaTeX Warning: Citation `copilot_dna_assistant' on page 11 undefined on input l
ine 651.


LaTeX Warning: Citation `copilot_dna_assistant' on page 11 undefined on input l
ine 651.


LaTeX Warning: Citation `copilot_dna_assistant' on page 11 undefined on input l
ine 651.


LaTeX Warning: Citation `ossipaper' on page 11 undefined on input line 651.


LaTeX Warning: Citation `transformatics' on page 11 undefined on input line 651
.


LaTeX Warning: Citation `ossipaper' on page 11 undefined on input line 651.


LaTeX Warning: Citation `transformatics' on page 11 undefined on input line 651
.


Underfull \hbox (badness 10000) in paragraph at lines 651--653

 []


Underfull \vbox (badness 10000) has occurred while \output is active []



[11]

LaTeX Warning: Citation `thoughtco_geneticcode' on page 12 undefined on input l
ine 696.


Underfull \hbox (badness 10000) in paragraph at lines 696--698

 []


Underfull \vbox (badness 10000) has occurred while \output is active []



[12]
Underfull \hbox (badness 10000) in paragraph at lines 713--714

 []


Underfull \hbox (badness 10000) in paragraph at lines 727--729

 []


Underfull \hbox (badness 10000) in paragraph at lines 727--729

 []



[13]

LaTeX Warning: Hyper reference `SEC4' on page 14 undefined on input line 750.


LaTeX Warning: Reference `SEC4' on page 14 undefined on input line 750.


Underfull \hbox (badness 10000) in paragraph at lines 761--762

 []


Underfull \hbox (badness 10000) in paragraph at lines 778--779

 []



[14]

LaTeX Warning: Citation `copilot_dna_assistant' on page 15 undefined on input l
ine 799.


LaTeX Warning: Citation `RefSeq' on page 15 undefined on input line 799.


LaTeX Warning: Citation `transformatics' on page 15 undefined on input line 799
.


LaTeX Warning: Citation `genomics2025origin' on page 15 undefined on input line
 801.



[15]

[16

]
Chapter 3.

LaTeX Warning: Citation `Venter2001' on page 17 undefined on input line 807.


LaTeX Warning: Citation `Anderson1981' on page 17 undefined on input line 807.



[17]
Underfull \hbox (badness 10000) in paragraph at lines 873--874

 []


Underfull \hbox (badness 10000) in paragraph at lines 886--888

 []


Underfull \hbox (badness 10000) in paragraph at lines 886--888

 []


LaTeX Warning: Hyper reference `DEFRIBOSOME' on page 18 undefined on input line
 889.


LaTeX Warning: Reference `DEFRIBOSOME' on page 18 undefined on input line 889.


LaTeX Warning: Hyper reference `EQ7' on page 18 undefined on input line 889.


LaTeX Warning: Reference `EQ7' on page 18 undefined on input line 889.


LaTeX Warning: Hyper reference `TRANSF3' on page 18 undefined on input line 889
.


LaTeX Warning: Reference `TRANSF3' on page 18 undefined on input line 889.


LaTeX Warning: Hyper reference `FIG3' on page 18 undefined on input line 891.


LaTeX Warning: Reference `FIG3' on page 18 undefined on input line 891.



[18]
Chapter 4.

LaTeX Warning: Citation `adtpaper' on page 19 undefined on input line 902.


LaTeX Warning: Citation `ossipaper' on page 19 undefined on input line 919.



[19

]

LaTeX Warning: Hyper reference `TRANSSSGEN' on page 20 undefined on input line 
930.


LaTeX Warning: Reference `TRANSSSGEN' on page 20 undefined on input line 930.


LaTeX Warning: Hyper reference `CHAPTRANS' on page 20 undefined on input line 9
30.


LaTeX Warning: Reference `CHAPTRANS' on page 20 undefined on input line 930.


LaTeX Warning: Citation `ossipaper' on page 20 undefined on input line 948.


Underfull \hbox (badness 10000) in paragraph at lines 972--973

 []



[20]
Underfull \hbox (badness 10000) in paragraph at lines 1031--1032

 []


Underfull \hbox (badness 10000) in paragraph at lines 1036--1037

 []


LaTeX Warning: Hyper reference `DEFRIBOSOME' on page 21 undefined on input line
 1038.


LaTeX Warning: Reference `DEFRIBOSOME' on page 21 undefined on input line 1038.



Underfull \hbox (badness 10000) in paragraph at lines 1043--1044

 []



[21]
Underfull \hbox (badness 10000) in paragraph at lines 1058--1058

 []


Underfull \hbox (badness 10000) in paragraph at lines 1058--1058

 []


LaTeX Warning: Hyper reference `DEFRIBOSOME' on page 22 undefined on input line
 1058.


LaTeX Warning: Reference `DEFRIBOSOME' on page 22 undefined on input line 1058.



LaTeX Warning: Hyper reference `DEFRIBOSOME' on page 22 undefined on input line
 1063.


LaTeX Warning: Reference `DEFRIBOSOME' on page 22 undefined on input line 1063.



Underfull \hbox (badness 10000) in paragraph at lines 1073--1074

 []


Underfull \hbox (badness 10000) in paragraph at lines 1078--1079

 []


LaTeX Warning: Hyper reference `DEFSTOPCOD' on page 22 undefined on input line 
1083.


LaTeX Warning: Reference `DEFSTOPCOD' on page 22 undefined on input line 1083.


LaTeX Warning: Hyper reference `DEFRIBOSOME' on page 22 undefined on input line
 1083.


LaTeX Warning: Reference `DEFRIBOSOME' on page 22 undefined on input line 1083.



LaTeX Warning: Citation `gregory1987oxford' on page 22 undefined on input line 
1085.


LaTeX Warning: Hyper reference `FIG4' on page 22 undefined on input line 1085.


LaTeX Warning: Reference `FIG4' on page 22 undefined on input line 1085.


LaTeX Warning: Hyper reference `FIG3' on page 22 undefined on input line 1085.


LaTeX Warning: Reference `FIG3' on page 22 undefined on input line 1085.



[22]

LaTeX Warning: Citation `Lutalo2025debug' on page 23 undefined on input line 10
89.



[23]

[24

]
Chapter 5.

LaTeX Warning: Citation `lnspaper' on page 25 undefined on input line 1101.


Underfull \hbox (badness 10000) in paragraph at lines 1109--1109
[]|\OT1/cmr/m/n/14.4 Sequence
 []


Underfull \hbox (badness 8189) in paragraph at lines 1112--1113
\OT1/cmr/m/n/14.4 as a ba-sic Se-
 []


Underfull \hbox (badness 10000) in paragraph at lines 1114--1115
[]|\OT1/cmr/m/n/14.4 Sequence Con-
 []


Underfull \hbox (badness 10000) in paragraph at lines 1114--1115
\OT1/cmr/m/n/14.4 cate-na-tion/-Mul-ti-
 []


Underfull \hbox (badness 10000) in paragraph at lines 1116--1117
[]|\OT1/cmr/m/n/14.4 Sequence as
 []


Underfull \hbox (badness 10000) in paragraph at lines 1116--1117
\OT1/cmr/m/n/14.4 Lin-ear Com-bi-
 []


Underfull \hbox (badness 10000) in paragraph at lines 1116--1117
\OT1/cmr/m/n/14.4 na-tion of other
 []


Underfull \hbox (badness 10000) in paragraph at lines 1118--1119
[]|\OT1/cmr/m/n/14.4 Basic Com-ple-
 []


Underfull \vbox (badness 10000) has occurred while \output is active []



[25]

LaTeX Warning: Hyper reference `TABCOMPLEMENTS' on page 26 undefined on input l
ine 1126.


LaTeX Warning: Reference `TABCOMPLEMENTS' on page 26 undefined on input line 11
26.


LaTeX Warning: Hyper reference `EQCOMPSETS' on page 26 undefined on input line 
1147.


LaTeX Warning: Reference `EQCOMPSETS' on page 26 undefined on input line 1147.


Overfull \hbox (14.64946pt too wide) in paragraph at lines 1147--1148
[]\OT1/cmr/m/n/12 Note that \OT1/cmr/bx/n/12 Equa-tion [] \OT1/cmr/m/n/12 casts
 com-ple-ment-ing some se-quence $^^B\OMS/cmsy/m/n/12 h\OML/cmm/m/it/12 ^^R[]; 
^^R[]; :::; ^^R[]\OMS/cmsy/m/n/12 i$ \OT1/cmr/m/n/12 as $\OMS/cmsy/m/n/12 :\OT1
/cmr/m/n/12 ^^B\OMS/cmsy/m/n/12 h\OML/cmm/m/it/12 ^^R[]; ^^R[]; :::; ^^R[]\OMS/
cmsy/m/n/12 i$\OT1/cmr/m/n/12 .
 []



[26]

LaTeX Warning: Hyper reference `EQCOMPLEMENTS' on page 27 undefined on input li
ne 1161.


LaTeX Warning: Reference `EQCOMPLEMENTS' on page 27 undefined on input line 116
1.


LaTeX Warning: Hyper reference `EQCOMPSETS' on page 27 undefined on input line 
1161.


LaTeX Warning: Reference `EQCOMPSETS' on page 27 undefined on input line 1161.


LaTeX Warning: Hyper reference `TABCOMPLEMENTS' on page 27 undefined on input l
ine 1161.


LaTeX Warning: Reference `TABCOMPLEMENTS' on page 27 undefined on input line 11
61.


LaTeX Warning: Hyper reference `EQCOMPSETS' on page 27 undefined on input line 
1173.


LaTeX Warning: Reference `EQCOMPSETS' on page 27 undefined on input line 1173.


Underfull \hbox (badness 10000) in paragraph at lines 1204--1205

 []


Underfull \hbox (badness 10000) in paragraph at lines 1208--1210

 []


Overfull \hbox (5.38005pt too wide) in paragraph at lines 1213--1213
[]\OT1/cmr/bx/n/14.4 Significance of Se-quence Com-ple-ments, $\OMS/cmsy/m/n/14
.4 :\OT1/cmr/m/n/14.4 ^^B$\OT1/cmr/bx/n/14.4 , and Com-ple-ment Sym-
 []


Package hyperref Warning: Token not allowed in a PDF string (Unicode):
(hyperref)                removing `math shift' on input line 1213.


Package hyperref Warning: Token not allowed in a PDF string (Unicode):
(hyperref)                removing `\lnot' on input line 1213.


Package hyperref Warning: Token not allowed in a PDF string (Unicode):
(hyperref)                removing `\Theta' on input line 1213.


Package hyperref Warning: Token not allowed in a PDF string (Unicode):
(hyperref)                removing `math shift' on input line 1213.


Package hyperref Warning: Token not allowed in a PDF string (Unicode):
(hyperref)                removing `math shift' on input line 1213.


Package hyperref Warning: Token not allowed in a PDF string (Unicode):
(hyperref)                removing `\lnot' on input line 1213.


Package hyperref Warning: Token not allowed in a PDF string (Unicode):
(hyperref)                removing `\psi' on input line 1213.


Package hyperref Warning: Token not allowed in a PDF string (Unicode):
(hyperref)                removing `subscript' on input line 1213.


Package hyperref Warning: Token not allowed in a PDF string (Unicode):
(hyperref)                removing `\beta' on input line 1213.


Package hyperref Warning: Token not allowed in a PDF string (Unicode):
(hyperref)                removing `math shift' on input line 1213.


LaTeX Warning: Hyper reference `TRANSCOMPL' on page 27 undefined on input line 
1224.


LaTeX Warning: Reference `TRANSCOMPL' on page 27 undefined on input line 1224.



[27]

LaTeX Warning: Hyper reference `EQCOMPSETS' on page 28 undefined on input line 
1247.


LaTeX Warning: Reference `EQCOMPSETS' on page 28 undefined on input line 1247.


LaTeX Warning: Hyper reference `THEOCOMPLEMENTS' on page 28 undefined on input 
line 1273.


LaTeX Warning: Reference `THEOCOMPLEMENTS' on page 28 undefined on input line 1
273.


LaTeX Warning: Hyper reference `SEQATC' on page 28 undefined on input line 1273
.


LaTeX Warning: Reference `SEQATC' on page 28 undefined on input line 1273.


LaTeX Warning: Hyper reference `SSDNAT' on page 28 undefined on input line 1309
.


LaTeX Warning: Reference `SSDNAT' on page 28 undefined on input line 1309.


LaTeX Warning: Hyper reference `THEOCOMPLEMENTS' on page 28 undefined on input 
line 1326.


LaTeX Warning: Reference `THEOCOMPLEMENTS' on page 28 undefined on input line 1
326.



[28]

LaTeX Warning: Citation `adtpaper' on page 29 undefined on input line 1355.


LaTeX Warning: Citation `ossipaper' on page 29 undefined on input line 1368.


LaTeX Warning: Citation `ossipaper' on page 29 undefined on input line 1368.


Underfull \hbox (badness 10000) in paragraph at lines 1368--1369

 []


Underfull \hbox (badness 10000) in paragraph at lines 1373--1374

 []


LaTeX Warning: Hyper reference `THEOCOMPLOSSI' on page 29 undefined on input li
ne 1376.


LaTeX Warning: Reference `THEOCOMPLOSSI' on page 29 undefined on input line 137
6.


LaTeX Warning: Hyper reference `SECRSG' on page 29 undefined on input line 1376
.


LaTeX Warning: Reference `SECRSG' on page 29 undefined on input line 1376.


LaTeX Warning: Citation `adtpaper' on page 29 undefined on input line 1381.


LaTeX Warning: Hyper reference `THEOCOMPLEMENTS' on page 29 undefined on input 
line 1393.


LaTeX Warning: Reference `THEOCOMPLEMENTS' on page 29 undefined on input line 1
393.



[29]

LaTeX Warning: Hyper reference `TRANSCOMPL' on page 30 undefined on input line 
1394.


LaTeX Warning: Reference `TRANSCOMPL' on page 30 undefined on input line 1394.


LaTeX Warning: Citation `transformatics' on page 30 undefined on input line 139
5.


LaTeX Warning: Hyper reference `TAB2' on page 30 undefined on input line 1475.


LaTeX Warning: Reference `TAB2' on page 30 undefined on input line 1475.


LaTeX Warning: Citation `gregory1987oxford' on page 30 undefined on input line 
1480.


LaTeX Warning: Citation `wikipedia_codon_tables' on page 30 undefined on input 
line 1480.



[30]

LaTeX Warning: Citation `wikipedia_codon_tables' on page 31 undefined on input 
line 1489.


LaTeX Warning: Citation `gregory1987oxford' on page 31 undefined on input line 
1489.


LaTeX Warning: Citation `copilot_dna_assistant' on page 31 undefined on input l
ine 1492.


LaTeX Warning: Hyper reference `TRANSGCA' on page 31 undefined on input line 14
94.


LaTeX Warning: Reference `TRANSGCA' on page 31 undefined on input line 1494.


LaTeX Warning: Hyper reference `TRANSUAC' on page 31 undefined on input line 14
94.


LaTeX Warning: Reference `TRANSUAC' on page 31 undefined on input line 1494.



[31]

[32

]
Chapter 6.

LaTeX Warning: Citation `adtpaper' on page 33 undefined on input line 1518.


LaTeX Warning: Citation `transformatics' on page 33 undefined on input line 151
8.


LaTeX Warning: Citation `transformatics' on page 33 undefined on input line 151
8.



[33]
Underfull \vbox (badness 10000) has occurred while \output is active []



[34]
Overfull \vbox (11.8856pt too high) has occurred while \output is active []



[35]

LaTeX Warning: Hyper reference `SEC4ASEQ' on page 36 undefined on input line 16
10.


LaTeX Warning: Reference `SEC4ASEQ' on page 36 undefined on input line 1610.


LaTeX Warning: Citation `Lutalo2024_taz' on page 36 undefined on input line 162
3.


LaTeX Warning: Citation `cli_tttt' on page 36 undefined on input line 1623.


LaTeX Warning: Citation `transformatics' on page 36 undefined on input line 163
5.


LaTeX Warning: Citation `transformatics' on page 36 undefined on input line 163
5.


LaTeX Warning: Citation `Lutalo2024_taz' on page 36 undefined on input line 164
1.



[36]

LaTeX Warning: Citation `cli_tttt' on page 37 undefined on input line 1669.

\g__tcobox_out_iow=\write10
\openout10 = `TransformaticsInGENETICS---2026---JWL--HYPER-EDTN.listing'.

(TransformaticsInGENETICS---2026---JWL--HYPER-EDTN.listing
LaTeX Font Info:    Trying to load font information for TS1+cmtt on input line 
1.

(C:\Program Files\MiKTeX\tex/latex/base\ts1cmtt.fd
File: ts1cmtt.fd 2023/04/13 v2.5m Standard LaTeX font definitions
))

[37]
Underfull \hbox (badness 2662) in paragraph at lines 1704--1704
\OT1/cmr/m/n/14.4 quence Sym-
 []


Underfull \hbox (badness 10000) in paragraph at lines 1704--1704
[]|\OT1/cmr/m/n/14.4 Closest
 []


Underfull \hbox (badness 10000) in paragraph at lines 1704--1704
\OT1/cmr/m/n/14.4 Par-ent
 []


Underfull \hbox (badness 10000) in paragraph at lines 1704--1704
\OT1/cmr/m/n/14.4 Sym-bol
 []


Overfull \hbox (1.01926pt too wide) in paragraph at lines 1709--1709
[]|$[][]$| 
 []


Overfull \hbox (2.87434pt too wide) in paragraph at lines 1721--1721
[]|$\OMS/cmsy/m/n/14.4 h\OML/cmm/m/it/14.4 A; U; G; C; T\OMS/cmsy/m/n/14.4 i$| 

 []


Overfull \hbox (1.01926pt too wide) in paragraph at lines 1734--1734
[]|$[][]$| 
 []


Overfull \hbox (1.01926pt too wide) in paragraph at lines 1747--1747
[]|$[][]$| 
 []


Overfull \hbox (1.27502pt too wide) in paragraph at lines 1760--1760
[]|$\OT1/cmr/m/n/14.4 ^^B[]$| 
 []


Overfull \hbox (21.88837pt too wide) in paragraph at lines 1702--1785
[][] 
 []


LaTeX Warning: Hyper reference `SEC4ASEQ' on page 38 undefined on input line 17
85.


LaTeX Warning: Reference `SEC4ASEQ' on page 38 undefined on input line 1785.


LaTeX Warning: Hyper reference `SEC4ASEQ' on page 38 undefined on input line 17
85.


LaTeX Warning: Reference `SEC4ASEQ' on page 38 undefined on input line 1785.


Underfull \vbox (badness 10000) has occurred while \output is active []



[38]
LaTeX Font Info:    Font shape `OT1/cmtt/bx/n' in size <9> not available
(Font)              Font shape `OT1/cmtt/m/n' tried instead on input line 1799.


Overfull \hbox (23.09544pt too wide) in paragraph at lines 1799--1800
[] \OT1/cmtt/m/n/9 Given some two particular instances of na-Sequences, $\OT1/c
mr/m/n/9 ^^B1[]$ \OT1/cmtt/m/n/9 and $\OT1/cmr/m/n/9 ^^B2[]$\OT1/cmtt/m/n/9 , o
f the same length, $\OML/cmm/m/it/9 n$\OT1/cmtt/m/n/9 , and with
 []


LaTeX Warning: Hyper reference `TABFAN' on page 39 undefined on input line 1804
.


LaTeX Warning: Reference `TABFAN' on page 39 undefined on input line 1804.


LaTeX Warning: Hyper reference `TABFAN' on page 39 undefined on input line 1806
.


LaTeX Warning: Reference `TABFAN' on page 39 undefined on input line 1806.



[39]

LaTeX Warning: Citation `adtpaper' on page 40 undefined on input line 1808.


LaTeX Warning: Citation `transformatics' on page 40 undefined on input line 181
2.


LaTeX Warning: Citation `transformatics' on page 40 undefined on input line 181
2.


Underfull \hbox (badness 10000) in paragraph at lines 1862--1862

 []


LaTeX Warning: Citation `adtpaper' on page 40 undefined on input line 1862.


LaTeX Warning: Citation `transformatics' on page 40 undefined on input line 186
2.


LaTeX Warning: Hyper reference `SECRSG' on page 40 undefined on input line 1862
.


LaTeX Warning: Reference `SECRSG' on page 40 undefined on input line 1862.


Underfull \vbox (badness 10000) has occurred while \output is active []



[40]
Underfull \vbox (badness 10000) has occurred while \output is active []



[41]

LaTeX Warning: Citation `transformatics' on page 42 undefined on input line 189
1.


Underfull \hbox (badness 10000) in paragraph at lines 1893--1894

 []


Underfull \hbox (badness 10000) in paragraph at lines 1898--1899

 []


LaTeX Warning: Hyper reference `TABFAN' on page 42 undefined on input line 1900
.


LaTeX Warning: Reference `TABFAN' on page 42 undefined on input line 1900.


LaTeX Warning: Hyper reference `TABADM1' on page 42 undefined on input line 190
0.


LaTeX Warning: Reference `TABADM1' on page 42 undefined on input line 1900.


LaTeX Warning: Hyper reference `EQCOMPNASEQ14' on page 42 undefined on input li
ne 1900.


LaTeX Warning: Reference `EQCOMPNASEQ14' on page 42 undefined on input line 190
0.


Overfull \hbox (3.66788pt too wide) in paragraph at lines 1908--1909
[] \OT1/cmtt/m/n/9 Given some two particular instances of na-Sequences, $\OT1/c
mr/m/n/9 ^^B1[]$ \OT1/cmtt/m/n/9 and $\OT1/cmr/m/n/9 ^^B2[]$\OT1/cmtt/m/n/9 , o
f different lengths, $\OML/cmm/m/it/9 n$ \OT1/cmtt/m/n/9 and
 []


Overfull \hbox (8.31955pt too wide) in paragraph at lines 1908--1909
\OML/cmm/m/it/9 k$\OT1/cmtt/m/n/9 , but with similar symbol sets ($\OML/cmm/m/i
t/9  []\OT1/cmr/m/n/9 (^^B1[]) = \OML/cmm/m/it/9  []\OT1/cmr/m/n/9 (^^B2[])$\OT
1/cmtt/m/n/9 ), how to quantify how similar or dissimilar
 []


LaTeX Warning: Hyper reference `TABFAN' on page 42 undefined on input line 1911
.


LaTeX Warning: Reference `TABFAN' on page 42 undefined on input line 1911.



[42]

LaTeX Warning: Hyper reference `SECSCENA' on page 43 undefined on input line 19
13.


LaTeX Warning: Reference `SECSCENA' on page 43 undefined on input line 1913.


LaTeX Warning: Citation `ossipaper' on page 43 undefined on input line 1918.


LaTeX Warning: Hyper reference `SECFANAL' on page 43 undefined on input line 19
25.


LaTeX Warning: Reference `SECFANAL' on page 43 undefined on input line 1925.


LaTeX Warning: Hyper reference `SECSCENA' on page 43 undefined on input line 19
27.


LaTeX Warning: Hyper reference `TABFAN' on page 43 undefined on input line 1931
.


LaTeX Warning: Reference `TABFAN' on page 43 undefined on input line 1931.


LaTeX Warning: Citation `ossipaper' on page 43 undefined on input line 1931.



[43]

LaTeX Warning: Hyper reference `TABFAN' on page 44 undefined on input line 1946
.


LaTeX Warning: Reference `TABFAN' on page 44 undefined on input line 1946.


LaTeX Warning: Hyper reference `SECSCENA' on page 44 undefined on input line 19
50.


LaTeX Warning: Hyper reference `SECFANAL' on page 44 undefined on input line 19
77.


Underfull \hbox (badness 10000) in paragraph at lines 1977--1978

 []



[44]

LaTeX Warning: Hyper reference `SECFANAL' on page 45 undefined on input line 19
85.


LaTeX Warning: Hyper reference `TABFAN' on page 45 undefined on input line 1985
.


LaTeX Warning: Reference `TABFAN' on page 45 undefined on input line 1985.


Overfull \hbox (3.66788pt too wide) in paragraph at lines 2002--2003
[] \OT1/cmtt/m/n/9 Given some two particular instances of na-Sequences, $\OT1/c
mr/m/n/9 ^^B1[]$ \OT1/cmtt/m/n/9 and $\OT1/cmr/m/n/9 ^^B2[]$\OT1/cmtt/m/n/9 , o
f different lengths, $\OML/cmm/m/it/9 n$ \OT1/cmtt/m/n/9 and
 []


Overfull \hbox (13.0445pt too wide) in paragraph at lines 2002--2003
\OML/cmm/m/it/9 k$ \OT1/cmtt/m/n/9 and with different symbol sets ($\OML/cmm/m/
it/9  []\OT1/cmr/m/n/9 (^^B1[]) \OMS/cmsy/m/n/9 6\OT1/cmr/m/n/9 = \OML/cmm/m/it
/9  []\OT1/cmr/m/n/9 (^^B2[])$\OT1/cmtt/m/n/9 ), how to quantify how similar or
 dissimilar
 []


LaTeX Warning: Hyper reference `TABFAN' on page 45 undefined on input line 2005
.


LaTeX Warning: Reference `TABFAN' on page 45 undefined on input line 2005.


LaTeX Warning: Hyper reference `SECSCENB' on page 45 undefined on input line 20
05.



[45]

LaTeX Warning: Hyper reference `DEFSEQCHAR' on page 46 undefined on input line 
2014.


LaTeX Warning: Reference `DEFSEQCHAR' on page 46 undefined on input line 2014.


Overfull \hbox (15.08018pt too wide) in paragraph at lines 2025--2026
\OT1/cmtt/m/n/9 ($\OT1/cmr/m/n/9 ^^B1\OML/cmm/m/it/9 ; \OT1/cmr/m/n/9 ^^B2\OML/
cmm/m/it/9 ; \OT1/cmr/m/n/9 ^^B3\OML/cmm/m/it/9 ; :::; \OT1/cmr/m/n/9 ^^B\OML/c
mm/m/it/9 m$\OT1/cmtt/m/n/9 ) and ($\OT1/cmr/m/n/9 
1\OML/cmm/m/it/9 ; \OT1/cmr/m/n/9 
2\OML/cmm/m/it/9 ; \OT1/cmr/m/n/9 
3\OML/cmm/m/it/9 ; :::; \OT1/cmr/m/n/9 
\OML/cmm/m/it/9 n$\OT1/cmtt/m/n/9 ) of potentially dissimilar lengths, $\OML/cm
m/m/it/9 m$ \OT1/cmtt/m/n/9 and $\OML/cmm/m/it/9 n$ \OT1/cmtt/m/n/9 respectivel
y,
 []


Overfull \hbox (11.9905pt too wide) in paragraph at lines 2025--2026
\OT1/cmtt/m/n/9 and that belong to labeled or classified populations --- POPA a
nd POPB respectively, to determine
 []


Overfull \hbox (14.42635pt too wide) in paragraph at lines 2025--2026
\OT1/cmtt/m/n/9 which of the two populations the query sequence, $\OML/cmm/m/it
/9 Q[]$\OT1/cmtt/m/n/9 , best-belongs to (so we classify it under one
 []


Overfull \hbox (16.71544pt too wide) in paragraph at lines 2025--2026
\OT1/cmtt/m/n/9 of those labels), as well as determine which of the particular 
sample member sequences from either
 []


Underfull \hbox (badness 10000) in paragraph at lines 2047--2047

 []


LaTeX Warning: Citation `illingworth1996computing' on page 46 undefined on inpu
t line 2047.


Underfull \hbox (badness 10000) in paragraph at lines 2047--2047
\OT1/cmtt/m/n/12 space that partitions the space into different regions. Data
 []


Underfull \hbox (badness 10000) in paragraph at lines 2047--2047
\OT1/cmtt/m/n/12 lying on one side of a decision surface are defined as belongi
ng
 []


Underfull \hbox (badness 10000) in paragraph at lines 2047--2047
\OT1/cmtt/m/n/12 to a different class from those lying on the other. Decision
 []


Underfull \hbox (badness 10000) in paragraph at lines 2047--2047
\OT1/cmtt/m/n/12 surfaces may be created or modified as a result of a learning
 []


Underfull \hbox (badness 10000) in paragraph at lines 2047--2047
\OT1/cmtt/m/n/12 process and they are frequently used in machine learning,
 []


Underfull \vbox (badness 10000) has occurred while \output is active []



[46]

Package hyperref Warning: Token not allowed in a PDF string (Unicode):
(hyperref)                removing `math shift' on input line 2054.


Package hyperref Warning: Token not allowed in a PDF string (Unicode):
(hyperref)                removing `\Omega' on input line 2054.


Package hyperref Warning: Token not allowed in a PDF string (Unicode):
(hyperref)                removing `superscript' on input line 2054.


Package hyperref Warning: Token not allowed in a PDF string (Unicode):
(hyperref)                removing `math shift' on input line 2054.


Underfull \hbox (badness 10000) in paragraph at lines 2057--2058

 []


Underfull \hbox (badness 10000) in paragraph at lines 2062--2063

 []


Underfull \hbox (badness 10000) in paragraph at lines 2065--2066

 []


Underfull \hbox (badness 10000) detected at line 2083
 []$[]  \OT1/cmr/m/n/14.4 
[] = [] = []$ [][]  
 []


Underfull \hbox (badness 10000) in paragraph at lines 2083--2084

 []


LaTeX Warning: Citation `transformatics' on page 47 undefined on input line 208
6.



[47]

LaTeX Warning: Hyper reference `SECFANAL' on page 48 undefined on input line 20
88.


LaTeX Warning: Citation `transformatics' on page 48 undefined on input line 208
8.


Underfull \hbox (badness 10000) in paragraph at lines 2093--2094

 []


LaTeX Warning: Hyper reference `EQPOPCHAR' on page 48 undefined on input line 2
115.


LaTeX Warning: Reference `EQPOPCHAR' on page 48 undefined on input line 2115.



[48]
Underfull \hbox (badness 10000) in paragraph at lines 2119--2120

 []


Underfull \hbox (badness 10000) in paragraph at lines 2146--2146

 []


Underfull \hbox (badness 10000) in paragraph at lines 2146--2146

 []


LaTeX Warning: Hyper reference `SECSCEND' on page 49 undefined on input line 21
50.



[49]

LaTeX Warning: Hyper reference `SECCOMPGENSEQ' on page 50 undefined on input li
ne 2155.


LaTeX Warning: Reference `SECCOMPGENSEQ' on page 50 undefined on input line 215
5.


LaTeX Warning: Hyper reference `DEFGENOMESEQ' on page 50 undefined on input lin
e 2155.


LaTeX Warning: Hyper reference `LAWGDL' on page 50 undefined on input line 2156
.


Package hyperref Warning: Token not allowed in a PDF string (Unicode):
(hyperref)                removing `math shift' on input line 2168.


Package hyperref Warning: Token not allowed in a PDF string (Unicode):
(hyperref)                removing `subscript' on input line 2168.


Package hyperref Warning: Token not allowed in a PDF string (Unicode):
(hyperref)                removing `math shift' on input line 2168.


Package hyperref Warning: Token not allowed in a PDF string (Unicode):
(hyperref)                removing `math shift' on input line 2168.


Package hyperref Warning: Token not allowed in a PDF string (Unicode):
(hyperref)                removing `\Omega' on input line 2168.


Package hyperref Warning: Token not allowed in a PDF string (Unicode):
(hyperref)                removing `superscript' on input line 2168.


Package hyperref Warning: Token not allowed in a PDF string (Unicode):
(hyperref)                removing `math shift' on input line 2168.


Underfull \hbox (badness 10000) in paragraph at lines 2175--2176

 []



[50]
Overfull \hbox (13.60684pt too wide) in paragraph at lines 2230--2230
[]\OT1/cmr/bx/n/14.4 Concerning Op-ti-mal Sym-bolic Stor-age of na-Sequences in
 Databases
 []


Package hyperref Warning: Token not allowed in a PDF string (Unicode):
(hyperref)                removing `math shift' on input line 2230.


Package hyperref Warning: Token not allowed in a PDF string (Unicode):
(hyperref)                removing `math shift' on input line 2230.


Package hyperref Warning: Token not allowed in a PDF string (Unicode):
(hyperref)                removing `math shift' on input line 2230.


Package hyperref Warning: Token not allowed in a PDF string (Unicode):
(hyperref)                removing `\Theta' on input line 2230.


Package hyperref Warning: Token not allowed in a PDF string (Unicode):
(hyperref)                removing `subscript' on input line 2230.


Package hyperref Warning: Token not allowed in a PDF string (Unicode):
(hyperref)                removing `math shift' on input line 2230.


Package hyperref Warning: Token not allowed in a PDF string (Unicode):
(hyperref)                removing `math shift' on input line 2230.


Package hyperref Warning: Token not allowed in a PDF string (Unicode):
(hyperref)                removing `\hbar' on input line 2230.


Package hyperref Warning: Token not allowed in a PDF string (Unicode):
(hyperref)                removing `\begingroup' on input line 2230.


Package hyperref Warning: Token not allowed in a PDF string (Unicode):
(hyperref)                removing `\setbox' on input line 2230.


Package hyperref Warning: Token not allowed in a PDF string (Unicode):
(hyperref)                removing `\z@' on input line 2230.


Package hyperref Warning: Token not allowed in a PDF string (Unicode):
(hyperref)                removing `\hbox' on input line 2230.


Package hyperref Warning: Token not allowed in a PDF string (Unicode):
(hyperref)                removing `\thinmuskip' on input line 2230.


Package hyperref Warning: Token not allowed in a PDF string (Unicode):
(hyperref)                removing `\medmuskip' on input line 2230.


Package hyperref Warning: Token not allowed in a PDF string (Unicode):
(hyperref)                removing `\m@ne' on input line 2230.


Package hyperref Warning: Token not allowed in a PDF string (Unicode):
(hyperref)                removing `\thickmuskip' on input line 2230.


Package hyperref Warning: Token not allowed in a PDF string (Unicode):
(hyperref)                removing `\@ne' on input line 2230.


Package hyperref Warning: Token not allowed in a PDF string (Unicode):
(hyperref)                removing `\setbox' on input line 2230.


Package hyperref Warning: Token not allowed in a PDF string (Unicode):
(hyperref)                removing `\tw@' on input line 2230.


Package hyperref Warning: Token not allowed in a PDF string (Unicode):
(hyperref)                removing `\hbox' on input line 2230.


Package hyperref Warning: Token not allowed in a PDF string (Unicode):
(hyperref)                removing `math shift' on input line 2230.


Package hyperref Warning: Token not allowed in a PDF string (Unicode):
(hyperref)                removing `\Theta' on input line 2230.


Package hyperref Warning: Token not allowed in a PDF string (Unicode):
(hyperref)                removing `subscript' on input line 2230.


Package hyperref Warning: Token not allowed in a PDF string (Unicode):
(hyperref)                removing `\mathsurround' on input line 2230.


Package hyperref Warning: Token not allowed in a PDF string (Unicode):
(hyperref)                removing `\z@' on input line 2230.


Package hyperref Warning: Token not allowed in a PDF string (Unicode):
(hyperref)                removing `math shift' on input line 2230.


Package hyperref Warning: Token not allowed in a PDF string (Unicode):
(hyperref)                removing `math shift' on input line 2230.


Package hyperref Warning: Token not allowed in a PDF string (Unicode):
(hyperref)                removing `\Theta' on input line 2230.


Package hyperref Warning: Token not allowed in a PDF string (Unicode):
(hyperref)                removing `subscript' on input line 2230.


Package hyperref Warning: Token not allowed in a PDF string (Unicode):
(hyperref)                removing `\mathsurround' on input line 2230.


Package hyperref Warning: Token not allowed in a PDF string (Unicode):
(hyperref)                removing `\z@' on input line 2230.


Package hyperref Warning: Token not allowed in a PDF string (Unicode):
(hyperref)                removing `math shift' on input line 2230.


Package hyperref Warning: Token not allowed in a PDF string (Unicode):
(hyperref)                removing `\<def>-command' on input line 2230.


Package hyperref Warning: Token not allowed in a PDF string (Unicode):
(hyperref)                removing `\@tempa' on input line 2230.


Package hyperref Warning: Token not allowed in a PDF string (Unicode):
(hyperref)                removing `math shift' on input line 2230.


Package hyperref Warning: Token not allowed in a PDF string (Unicode):
(hyperref)                removing `\hfil' on input line 2230.


Package hyperref Warning: Token not allowed in a PDF string (Unicode):
(hyperref)                removing `\hfill' on input line 2230.


Package hyperref Warning: Token not allowed in a PDF string (Unicode):
(hyperref)                removing `\box' on input line 2230.


Package hyperref Warning: Token not allowed in a PDF string (Unicode):
(hyperref)                removing `\z@' on input line 2230.


Package hyperref Warning: Token not allowed in a PDF string (Unicode):
(hyperref)                removing `\box' on input line 2230.


Package hyperref Warning: Token not allowed in a PDF string (Unicode):
(hyperref)                removing `\tw@' on input line 2230.


Package hyperref Warning: Token not allowed in a PDF string (Unicode):
(hyperref)                removing `\mathop' on input line 2230.


Package hyperref Warning: Token not allowed in a PDF string (Unicode):
(hyperref)                removing `\Theta' on input line 2230.


Package hyperref Warning: Token not allowed in a PDF string (Unicode):
(hyperref)                removing `subscript' on input line 2230.


Package hyperref Warning: Token not allowed in a PDF string (Unicode):
(hyperref)                removing `\limits' on input line 2230.


Package hyperref Warning: Token not allowed in a PDF string (Unicode):
(hyperref)                removing `superscript' on input line 2230.


Package hyperref Warning: Token not allowed in a PDF string (Unicode):
(hyperref)                removing `math shift' on input line 2230.

<resources/images/further_analysis.jpg, id=762, 1027.84pt x 1027.84pt>
File: resources/images/further_analysis.jpg Graphic file (type jpg)
<use resources/images/further_analysis.jpg>
Package pdftex.def Info: resources/images/further_analysis.jpg  used on input l
ine 2240.
(pdftex.def)             Requested size: 446.69328pt x 446.69902pt.

Overfull \hbox (12.4pt too wide) in paragraph at lines 2236--2246
 [][] 
 []



[51]

LaTeX Warning: Citation `Lutalo2024_taz' on page 52 undefined on input line 225
1.


LaTeX Warning: Citation `lutalo_tea_web' on page 52 undefined on input line 225
1.


LaTeX Warning: Hyper reference `SEC4ASEQ' on page 52 undefined on input line 22
51.


LaTeX Warning: Reference `SEC4ASEQ' on page 52 undefined on input line 2251.



[52 <./resources/images/further_analysis.jpg>]

LaTeX Warning: Hyper reference `SECPROT' on page 53 undefined on input line 225
3.


LaTeX Warning: Reference `SECPROT' on page 53 undefined on input line 2253.


Underfull \hbox (badness 10000) in paragraph at lines 2255--2256

 []


LaTeX Warning: Hyper reference `TRANSFSEQLOOKUP' on page 53 undefined on input 
line 2267.


LaTeX Warning: Reference `TRANSFSEQLOOKUP' on page 53 undefined on input line 2
267.


Underfull \hbox (badness 10000) in paragraph at lines 2269--2270

 []


Underfull \hbox (badness 10000) in paragraph at lines 2274--2275

 []


LaTeX Warning: Hyper reference `LAWGDL' on page 53 undefined on input line 2278
.


LaTeX Warning: Citation `illingworth1996computing' on page 53 undefined on inpu
t line 2278.


LaTeX Warning: Citation `illingworth1996computing' on page 53 undefined on inpu
t line 2278.


LaTeX Warning: Citation `godel1931' on page 53 undefined on input line 2278.


LaTeX Warning: Citation `godel1931english' on page 53 undefined on input line 2
278.


LaTeX Warning: Hyper reference `TRANSFSEQLOOKUP' on page 53 undefined on input 
line 2280.


LaTeX Warning: Reference `TRANSFSEQLOOKUP' on page 53 undefined on input line 2
280.



[53]

[54]
Chapter 7.

LaTeX Warning: Hyper reference `DEFGENOMESEQUENCING' on page 55 undefined on in
put line 2291.


LaTeX Warning: Reference `DEFGENOMESEQUENCING' on page 55 undefined on input li
ne 2291.


LaTeX Warning: Citation `przytycka_wgs_lecture10' on page 55 undefined on input
 line 2293.


LaTeX Warning: Hyper reference `SEC4' on page 55 undefined on input line 2301.


LaTeX Warning: Reference `SEC4' on page 55 undefined on input line 2301.



[55

]

LaTeX Warning: Citation `przytycka_wgs_lecture10' on page 56 undefined on input
 line 2305.



[56]

LaTeX Warning: Hyper reference `SECGENSEQ' on page 57 undefined on input line 2
327.


LaTeX Warning: Reference `SECGENSEQ' on page 57 undefined on input line 2327.


Package hyperref Warning: Token not allowed in a PDF string (Unicode):
(hyperref)                removing `math shift' on input line 2329.


Package hyperref Warning: Token not allowed in a PDF string (Unicode):
(hyperref)                removing `\Theta' on input line 2329.


Package hyperref Warning: Token not allowed in a PDF string (Unicode):
(hyperref)                removing `subscript' on input line 2329.


Package hyperref Warning: Token not allowed in a PDF string (Unicode):
(hyperref)                removing `\Diamond' on input line 2329.


Package hyperref Warning: Token not allowed in a PDF string (Unicode):
(hyperref)                removing `\Theta' on input line 2329.


Package hyperref Warning: Token not allowed in a PDF string (Unicode):
(hyperref)                removing `subscript' on input line 2329.


Package hyperref Warning: Token not allowed in a PDF string (Unicode):
(hyperref)                removing `math shift' on input line 2329.


Overfull \hbox (18.6865pt too wide) in paragraph at lines 2332--2335
[][]\OT1/cmr/bx/n/14.4 Problem 1 \OT1/cmr/m/n/14.4 (\OT1/cmr/m/it/14.4 Com-put-
ing MCS:\OT1/cmr/m/n/14.4 )\OT1/cmr/bx/n/14.4 . []\OT1/cmr/m/it/14.4 : $\OT1/cm
r/m/n/14.4 ^^B[]\U/msa/m/n/14.4 ^^F\OT1/cmr/m/n/14.4 ^^B[]$\OT1/cmr/m/it/14.4 ]
 []Given se-quences $\OT1/cmr/m/n/14.4 ^^B[] = \OMS/cmsy/m/n/14.4 h\OML/cmm/m/i
t/14.4 k; l; m; o; p; x; y; z\OMS/cmsy/m/n/14.4 i$
 []


LaTeX Warning: Hyper reference `SOLMCS' on page 57 undefined on input line 2349
.


LaTeX Warning: Reference `SOLMCS' on page 57 undefined on input line 2349.


LaTeX Warning: Hyper reference `ALGtMCS' on page 57 undefined on input line 234
9.


LaTeX Warning: Reference `ALGtMCS' on page 57 undefined on input line 2349.



[57]
Underfull \hbox (badness 10000) in paragraph at lines 2379--2380

 []


Underfull \hbox (badness 10000) in paragraph at lines 2379--2380

 []


Underfull \hbox (badness 10000) in paragraph at lines 2381--2389

 []


Underfull \hbox (badness 10000) in paragraph at lines 2381--2389

 []


Underfull \hbox (badness 10000) in paragraph at lines 2401--2402

 []


Underfull \hbox (badness 10000) in paragraph at lines 2403--2404

 []


Underfull \hbox (badness 10000) in paragraph at lines 2403--2404

 []


Underfull \hbox (badness 10000) in paragraph at lines 2405--2416

 []


Underfull \hbox (badness 10000) in paragraph at lines 2405--2416

 []



[58]

Package hyperref Warning: Token not allowed in a PDF string (Unicode):
(hyperref)                removing `math shift' on input line 2439.


Package hyperref Warning: Token not allowed in a PDF string (Unicode):
(hyperref)                removing `\Theta' on input line 2439.


Package hyperref Warning: Token not allowed in a PDF string (Unicode):
(hyperref)                removing `subscript' on input line 2439.


Package hyperref Warning: Token not allowed in a PDF string (Unicode):
(hyperref)                removing `\ast' on input line 2439.


Package hyperref Warning: Token not allowed in a PDF string (Unicode):
(hyperref)                removing `\Theta' on input line 2439.


Package hyperref Warning: Token not allowed in a PDF string (Unicode):
(hyperref)                removing `subscript' on input line 2439.


Package hyperref Warning: Token not allowed in a PDF string (Unicode):
(hyperref)                removing `math shift' on input line 2439.


Package hyperref Warning: Token not allowed in a PDF string (Unicode):
(hyperref)                removing `math shift' on input line 2471.


Package hyperref Warning: Token not allowed in a PDF string (Unicode):
(hyperref)                removing `\Theta' on input line 2471.


Package hyperref Warning: Token not allowed in a PDF string (Unicode):
(hyperref)                removing `subscript' on input line 2471.


Package hyperref Warning: Token not allowed in a PDF string (Unicode):
(hyperref)                removing `\Diamond' on input line 2471.


Package hyperref Warning: Token not allowed in a PDF string (Unicode):
(hyperref)                removing `\Theta' on input line 2471.


Package hyperref Warning: Token not allowed in a PDF string (Unicode):
(hyperref)                removing `subscript' on input line 2471.


Package hyperref Warning: Token not allowed in a PDF string (Unicode):
(hyperref)                removing `superscript' on input line 2471.


Package hyperref Warning: Token not allowed in a PDF string (Unicode):
(hyperref)                removing `math shift' on input line 2471.


Underfull \hbox (badness 10000) in paragraph at lines 2474--2477

 []



[59]

LaTeX Warning: Hyper reference `TRANSFMCS' on page 60 undefined on input line 2
487.


LaTeX Warning: Reference `TRANSFMCS' on page 60 undefined on input line 2487.


LaTeX Warning: Hyper reference `EQGS' on page 60 undefined on input line 2501.


LaTeX Warning: Reference `EQGS' on page 60 undefined on input line 2501.


LaTeX Warning: Hyper reference `EQLSEQ' on page 60 undefined on input line 2515
.


LaTeX Warning: Reference `EQLSEQ' on page 60 undefined on input line 2515.


LaTeX Warning: Citation `Lutalo2024gtnc' on page 60 undefined on input line 251
5.


LaTeX Warning: Hyper reference `PROBGS' on page 60 undefined on input line 2553
.


LaTeX Warning: Reference `PROBGS' on page 60 undefined on input line 2553.


Underfull \hbox (badness 10000) in paragraph at lines 2553--2553
[][]\OT1/cmr/bx/n/14.4 Transformer 9 \OT1/cmr/m/n/14.4 (The \OT1/cmr/bx/n/14.4 
tGS Trans-former\OT1/cmr/m/n/14.4 , $[](^^B[])$)\OT1/cmr/bx/n/14.4 .
 []


Underfull \hbox (badness 10000) in paragraph at lines 2553--2555

 []


Underfull \vbox (badness 5726) has occurred while \output is active []



[60]

LaTeX Warning: Hyper reference `TRANSFGENSEQ' on page 61 undefined on input lin
e 2588.


LaTeX Warning: Reference `TRANSFGENSEQ' on page 61 undefined on input line 2588
.


Overfull \hbox (1.76485pt too wide) detected at line 2588
[][][]\OT1/cmr/m/n/14.4 0 \OMS/cmsy/m/n/14.4 ^^T []\OT1/cmr/m/n/14.4 (\OML/cmm/
m/it/14.4 R[] \OMS/cmsy/m/n/14.4 ! \OT1/cmr/m/n/14.4 
[]) \OMS/cmsy/m/n/14.4 ^^T \OML/cmm/m/it/14.4 ^^O  \OMS/cmsy/m/n/14.4 _  \OT1/c
mr/m/n/14.4 0 \OMS/cmsy/m/n/14.4 ^^T []\OT1/cmr/m/n/14.4 (^^B[] \OMS/cmsy/m/n/1
4.4 ! \OT1/cmr/m/n/14.4 
[]) \OMS/cmsy/m/n/14.4 ^^T \OML/cmm/m/it/14.4 ^^O   \OT1/cmr/m/n/14.4 =[]\OMS/c
msy/m/n/14.4 )   \OT1/cmr/m/n/14.4 
[] \OMS/cmsy/m/n/14.4 ^^Q \OT1/cmr/m/n/14.4 ^^B[]
 []


Underfull \vbox (badness 10000) has occurred while \output is active []



[61]
Underfull \hbox (badness 10000) in paragraph at lines 2619--2619

 []


LaTeX Warning: Hyper reference `LAWGDL' on page 62 undefined on input line 2619
.


LaTeX Warning: Reference `LAWGDL' on page 62 undefined on input line 2619.


Underfull \vbox (badness 10000) has occurred while \output is active []



[62]

[63]

[64

]
Chapter 8.

Underfull \hbox (badness 10000) in paragraph at lines 2641--2641

 []


Underfull \hbox (badness 10000) in paragraph at lines 2641--2643

 []


LaTeX Warning: Hyper reference `SECRSGFUNC' on page 65 undefined on input line 
2645.


LaTeX Warning: Reference `SECRSGFUNC' on page 65 undefined on input line 2645.


Underfull \vbox (badness 10000) has occurred while \output is active []



[65]
Underfull \hbox (badness 10000) in paragraph at lines 2655--2656

 []


LaTeX Warning: Hyper reference `EQHYPDNASS' on page 66 undefined on input line 
2706.


LaTeX Warning: Reference `EQHYPDNASS' on page 66 undefined on input line 2706.


LaTeX Warning: Citation `ossipaper' on page 66 undefined on input line 2706.


LaTeX Warning: Hyper reference `ALGLUSHUFFLEA' on page 66 undefined on input li
ne 2706.


LaTeX Warning: Reference `ALGLUSHUFFLEA' on page 66 undefined on input line 270
6.


LaTeX Warning: Hyper reference `ALGLUSHUFFLEA' on page 66 undefined on input li
ne 2706.


LaTeX Warning: Reference `ALGLUSHUFFLEA' on page 66 undefined on input line 270
6.



[66]

LaTeX Warning: Hyper reference `ALGLUSHUFFLEA' on page 67 undefined on input li
ne 2725.


LaTeX Warning: Reference `ALGLUSHUFFLEA' on page 67 undefined on input line 272
5.


LaTeX Warning: Hyper reference `ALGLUSHUFFLEA' on page 67 undefined on input li
ne 2725.


LaTeX Warning: Reference `ALGLUSHUFFLEA' on page 67 undefined on input line 272
5.


Underfull \vbox (badness 10000) has occurred while \output is active []



[67]

LaTeX Warning: Hyper reference `FIGTRACEFLSA' on page 68 undefined on input lin
e 2761.


LaTeX Warning: Reference `FIGTRACEFLSA' on page 68 undefined on input line 2761
.


LaTeX Warning: Hyper reference `FIGTRACEFLSASIMPLE' on page 68 undefined on inp
ut line 2761.


LaTeX Warning: Reference `FIGTRACEFLSASIMPLE' on page 68 undefined on input lin
e 2761.


LaTeX Warning: Hyper reference `EQDUPLNASEQ' on page 68 undefined on input line
 2763.


LaTeX Warning: Reference `EQDUPLNASEQ' on page 68 undefined on input line 2763.



LaTeX Warning: Hyper reference `EQDUPLNASEQ' on page 68 undefined on input line
 2782.


LaTeX Warning: Reference `EQDUPLNASEQ' on page 68 undefined on input line 2782.



LaTeX Warning: Hyper reference `ALGLUSHUFFLEA' on page 68 undefined on input li
ne 2782.


LaTeX Warning: Reference `ALGLUSHUFFLEA' on page 68 undefined on input line 278
2.


LaTeX Warning: Hyper reference `EQDUPLNASEQ' on page 68 undefined on input line
 2782.


LaTeX Warning: Reference `EQDUPLNASEQ' on page 68 undefined on input line 2782.



LaTeX Warning: Hyper reference `ALGLUSHUFFLEA' on page 68 undefined on input li
ne 2782.


LaTeX Warning: Reference `ALGLUSHUFFLEA' on page 68 undefined on input line 278
2.


Underfull \vbox (badness 10000) has occurred while \output is active []



[68]

LaTeX Warning: Hyper reference `ALGLUSHUFFLEA' on page 69 undefined on input li
ne 2787.


LaTeX Warning: Reference `ALGLUSHUFFLEA' on page 69 undefined on input line 278
7.


LaTeX Warning: Hyper reference `EQPALNASEQ' on page 69 undefined on input line 
2787.


LaTeX Warning: Reference `EQPALNASEQ' on page 69 undefined on input line 2787.


LaTeX Warning: Hyper reference `EQPALNASEQ' on page 69 undefined on input line 
2807.


LaTeX Warning: Reference `EQPALNASEQ' on page 69 undefined on input line 2807.


LaTeX Warning: Hyper reference `ALGLUSHUFFLEA' on page 69 undefined on input li
ne 2807.


LaTeX Warning: Reference `ALGLUSHUFFLEA' on page 69 undefined on input line 280
7.


LaTeX Warning: Hyper reference `EQPALNASEQ' on page 69 undefined on input line 
2807.


LaTeX Warning: Reference `EQPALNASEQ' on page 69 undefined on input line 2807.


LaTeX Warning: Hyper reference `ALGLUSHUFFLEA' on page 69 undefined on input li
ne 2807.


LaTeX Warning: Reference `ALGLUSHUFFLEA' on page 69 undefined on input line 280
7.


LaTeX Warning: Hyper reference `LST_FLSA' on page 69 undefined on input line 28
14.


LaTeX Warning: Reference `LST_FLSA' on page 69 undefined on input line 2814.

(C:\Program Files\MiKTeX\tex/latex/listings\lstlang1.sty
File: lstlang1.sty 2024/05/25 1.10b listings language file
)
Package hyperref Info: bookmark level for unknown lstlisting defaults to 0 on i
nput line 2819.
LaTeX Font Info:    Font shape `OT1/cmtt/bx/n' in size <10> not available
(Font)              Font shape `OT1/cmtt/m/n' tried instead on input line 2821.


Underfull \vbox (badness 10000) has occurred while \output is active []



[69]

LaTeX Warning: Hyper reference `LST_FLSA' on page 70 undefined on input line 28
78.


LaTeX Warning: Reference `LST_FLSA' on page 70 undefined on input line 2878.


Underfull \vbox (badness 2894) has occurred while \output is active []



[70]

LaTeX Warning: Hyper reference `ALGLUSHUFFLEA' on page 71 undefined on input li
ne 2884.


LaTeX Warning: Reference `ALGLUSHUFFLEA' on page 71 undefined on input line 288
4.


Underfull \hbox (badness 10000) in paragraph at lines 2890--2891

 []


LaTeX Warning: Hyper reference `ALGLUSHUFFLEA' on page 71 undefined on input li
ne 2901.


LaTeX Warning: Reference `ALGLUSHUFFLEA' on page 71 undefined on input line 290
1.



[71]

LaTeX Warning: Hyper reference `ALGLUSHUFFLEB' on page 72 undefined on input li
ne 2940.


LaTeX Warning: Reference `ALGLUSHUFFLEB' on page 72 undefined on input line 294
0.


LaTeX Warning: Hyper reference `ALGLUSHUFFLEA' on page 72 undefined on input li
ne 2940.


LaTeX Warning: Reference `ALGLUSHUFFLEA' on page 72 undefined on input line 294
0.


LaTeX Warning: Hyper reference `EQIPI' on page 72 undefined on input line 2940.



LaTeX Warning: Reference `EQIPI' on page 72 undefined on input line 2940.


LaTeX Warning: Hyper reference `SECAPPLYFLSA' on page 72 undefined on input lin
e 2949.


LaTeX Warning: Reference `SECAPPLYFLSA' on page 72 undefined on input line 2949
.


Underfull \hbox (badness 10000) in paragraph at lines 2959--2959

 []


LaTeX Warning: Hyper reference `ALGLUSHUFFLEA' on page 72 undefined on input li
ne 2959.


LaTeX Warning: Hyper reference `ALGLUSHUFFLEB' on page 72 undefined on input li
ne 2959.


Underfull \hbox (badness 10000) in paragraph at lines 2959--2961

 []


LaTeX Warning: Hyper reference `FIGTRACESLSA' on page 72 undefined on input lin
e 2966.


LaTeX Warning: Reference `FIGTRACESLSA' on page 72 undefined on input line 2966
.


LaTeX Warning: Hyper reference `FIGTRACEFLSA' on page 72 undefined on input lin
e 2966.


LaTeX Warning: Reference `FIGTRACEFLSA' on page 72 undefined on input line 2966
.


LaTeX Warning: Hyper reference `ALGLUSHUFFLEB' on page 72 undefined on input li
ne 2985.


LaTeX Warning: Reference `ALGLUSHUFFLEB' on page 72 undefined on input line 298
5.


LaTeX Warning: Hyper reference `ALGLUSHUFFLEB' on page 72 undefined on input li
ne 2985.


LaTeX Warning: Reference `ALGLUSHUFFLEB' on page 72 undefined on input line 298
5.


Underfull \vbox (badness 10000) has occurred while \output is active []



[72]

LaTeX Warning: Hyper reference `FIGTRACESLSA2NA' on page 73 undefined on input 
line 3021.


LaTeX Warning: Reference `FIGTRACESLSA2NA' on page 73 undefined on input line 3
021.


LaTeX Warning: Hyper reference `FIGTRACEFLSA2NA' on page 73 undefined on input 
line 3021.


LaTeX Warning: Reference `FIGTRACEFLSA2NA' on page 73 undefined on input line 3
021.


LaTeX Warning: Hyper reference `EQDUPLNASEQ' on page 73 undefined on input line
 3041.


LaTeX Warning: Reference `EQDUPLNASEQ' on page 73 undefined on input line 3041.



LaTeX Warning: Hyper reference `ALGLUSHUFFLEB' on page 73 undefined on input li
ne 3041.


LaTeX Warning: Reference `ALGLUSHUFFLEB' on page 73 undefined on input line 304
1.


LaTeX Warning: Hyper reference `EQDUPLNASEQ' on page 73 undefined on input line
 3041.


LaTeX Warning: Reference `EQDUPLNASEQ' on page 73 undefined on input line 3041.



LaTeX Warning: Hyper reference `ALGLUSHUFFLEB' on page 73 undefined on input li
ne 3041.


LaTeX Warning: Reference `ALGLUSHUFFLEB' on page 73 undefined on input line 304
1.



[73]

LaTeX Warning: Hyper reference `FIGTRACESLSAPALNA' on page 74 undefined on inpu
t line 3047.


LaTeX Warning: Reference `FIGTRACESLSAPALNA' on page 74 undefined on input line
 3047.


LaTeX Warning: Hyper reference `FIGTRACEFLSAPALNA' on page 74 undefined on inpu
t line 3047.


LaTeX Warning: Reference `FIGTRACEFLSAPALNA' on page 74 undefined on input line
 3047.


LaTeX Warning: Hyper reference `EQPALNASEQ' on page 74 undefined on input line 
3068.


LaTeX Warning: Reference `EQPALNASEQ' on page 74 undefined on input line 3068.


LaTeX Warning: Hyper reference `ALGLUSHUFFLEB' on page 74 undefined on input li
ne 3068.


LaTeX Warning: Reference `ALGLUSHUFFLEB' on page 74 undefined on input line 306
8.


LaTeX Warning: Hyper reference `EQPALNASEQ' on page 74 undefined on input line 
3068.


LaTeX Warning: Reference `EQPALNASEQ' on page 74 undefined on input line 3068.


LaTeX Warning: Hyper reference `ALGLUSHUFFLEB' on page 74 undefined on input li
ne 3068.


LaTeX Warning: Reference `ALGLUSHUFFLEB' on page 74 undefined on input line 306
8.


LaTeX Warning: Hyper reference `LST_SLSA' on page 74 undefined on input line 30
76.


LaTeX Warning: Reference `LST_SLSA' on page 74 undefined on input line 3076.


Underfull \vbox (badness 10000) has occurred while \output is active []



[74]
Underfull \hbox (badness 10000) in paragraph at lines 3123--3124

 []



[75]
Underfull \hbox (badness 2680) in paragraph at lines 3155--3155
[][]\OT1/cmr/bx/n/14.4 Transformer 10 \OT1/cmr/m/n/14.4 (The \OT1/cmr/bx/n/14.4
 Ran-dom Sym-bol Gen-er-a-tor (RSG)\OT1/cmr/m/n/14.4 ,
 []


Underfull \hbox (badness 10000) in paragraph at lines 3155--3155

 []


Underfull \hbox (badness 10000) in paragraph at lines 3155--3155

 []


Underfull \hbox (badness 10000) in paragraph at lines 3155--3155

 []


Underfull \hbox (badness 10000) in paragraph at lines 3155--3155

 []


LaTeX Warning: Citation `ossipaper' on page 76 undefined on input line 3155.


LaTeX Warning: Hyper reference `ALGLUSHUFFLEB' on page 76 undefined on input li
ne 3155.


LaTeX Warning: Reference `ALGLUSHUFFLEB' on page 76 undefined on input line 315
5.


Underfull \hbox (badness 10000) in paragraph at lines 3155--3157

 []


LaTeX Warning: Hyper reference `TRANSFRSG' on page 76 undefined on input line 3
158.


LaTeX Warning: Reference `TRANSFRSG' on page 76 undefined on input line 3158.


Underfull \vbox (badness 10000) has occurred while \output is active []



[76]
Overfull \hbox (1.3698pt too wide) in paragraph at lines 3195--3196
[][][][][][][][][][][][][][][][][][][][][][][][][][][][][][][][][][][][][][][][
][][][][][][][][][][][][][][][][][][][][][][][][][][][][][][][][][][][][][][][]
[][][][][][][][][][][][][][][][][][][][][][][][][][][][][][][][][][][][][][][][
][][][][][][][][][][][][][][][][][][][][][][][][][][][][][][][][][][][][][][][]
[][][][][][][][][][][][][][][][][][][][][][][][][][][][][][][][][][][][][][][][
][][][][][][][] 
 []


Underfull \vbox (badness 10000) has occurred while \output is active []



[77]

LaTeX Warning: Citation `lnspaper' on page 78 undefined on input line 3256.



[78]
Underfull \vbox (badness 10000) has occurred while \output is active []



[79]

LaTeX Warning: Hyper reference `LST_RNG' on page 80 undefined on input line 332
1.


LaTeX Warning: Reference `LST_RNG' on page 80 undefined on input line 3321.


Underfull \vbox (badness 10000) has occurred while \output is active []



[80]

LaTeX Warning: Hyper reference `LST_SHUFFLE' on page 81 undefined on input line
 3358.


LaTeX Warning: Reference `LST_SHUFFLE' on page 81 undefined on input line 3358.



LaTeX Warning: Hyper reference `LST_SLSA' on page 81 undefined on input line 33
58.


LaTeX Warning: Reference `LST_SLSA' on page 81 undefined on input line 3358.


LaTeX Warning: Hyper reference `LST_SHUFFLE' on page 81 undefined on input line
 3362.


LaTeX Warning: Reference `LST_SHUFFLE' on page 81 undefined on input line 3362.



LaTeX Warning: Hyper reference `TRANSFRSG' on page 81 undefined on input line 3
368.


LaTeX Warning: Reference `TRANSFRSG' on page 81 undefined on input line 3368.



[81]

LaTeX Warning: Hyper reference `TRANSFRSG' on page 82 undefined on input line 3
403.


LaTeX Warning: Reference `TRANSFRSG' on page 82 undefined on input line 3403.


Underfull \vbox (badness 10000) has occurred while \output is active []



[82]

LaTeX Warning: Hyper reference `LST_RSG' on page 83 undefined on input line 345
2.


LaTeX Warning: Reference `LST_RSG' on page 83 undefined on input line 3452.


Underfull \hbox (badness 10000) in paragraph at lines 3456--3457

 []


Underfull \hbox (badness 10000) in paragraph at lines 3465--3465
[] \OT1/cmtt/m/n/14.4 N=3*200; print(`'.join(str(c) for c in
 []


Underfull \hbox (badness 10000) in paragraph at lines 3465--3467

 []



[83]

[84]
Chapter 9.

Package hyperref Warning: Token not allowed in a PDF string (Unicode):
(hyperref)                removing `math shift' on input line 3495.


Package hyperref Warning: Token not allowed in a PDF string (Unicode):
(hyperref)                removing `\rightarrow' on input line 3495.


Package hyperref Warning: Token not allowed in a PDF string (Unicode):
(hyperref)                removing `\rightarrow' on input line 3495.


Package hyperref Warning: Token not allowed in a PDF string (Unicode):
(hyperref)                removing `\rightarrow' on input line 3495.


Package hyperref Warning: Token not allowed in a PDF string (Unicode):
(hyperref)                removing `math shift' on input line 3495.


Underfull \hbox (badness 10000) in paragraph at lines 3507--3508
[]\OT1/cmtt/m/n/14.4 Code: A rule for transforming a message from one
 []


Underfull \hbox (badness 10000) in paragraph at lines 3507--3508
\OT1/cmtt/m/n/14.4 symbolic form (the source alphabet) into another (the target

 []


Underfull \hbox (badness 10000) in paragraph at lines 3507--3508
\OT1/cmtt/m/n/14.4 alphabet), usually without loss of information. The process
 []


Underfull \hbox (badness 10000) in paragraph at lines 3507--3508
\OT1/cmtt/m/n/14.4 of transformation is called encoding and its converse is
 []


LaTeX Warning: Citation `gregory1987oxford' on page 85 undefined on input line 
3510.

<resources/images/protein_synthesis.png, id=1393, 1045.9075pt x 747.79375pt>
File: resources/images/protein_synthesis.png Graphic file (type png)
<use resources/images/protein_synthesis.png>
Package pdftex.def Info: resources/images/protein_synthesis.png  used on input 
line 3525.
(pdftex.def)             Requested size: 446.69328pt x 319.37706pt.

LaTeX Warning: Citation `geeksforgeeks2024protein' on page 85 undefined on inpu
t line 3526.


LaTeX Warning: Citation `geeksforgeeks2024protein' on page 85 undefined on inpu
t line 3526.


Overfull \hbox (12.4pt too wide) in paragraph at lines 3521--3531
 [][] 
 []


Underfull \vbox (badness 10000) has occurred while \output is active []



[85

]

LaTeX Warning: Hyper reference `SEC4' on page 86 undefined on input line 3537.


LaTeX Warning: Reference `SEC4' on page 86 undefined on input line 3537.


Underfull \hbox (badness 10000) in paragraph at lines 3537--3538

 []


LaTeX Warning: Citation `gregory1987oxford' on page 86 undefined on input line 
3578.


LaTeX Warning: Citation `wikipedia_codon_tables' on page 86 undefined on input 
line 3578.


LaTeX Warning: Hyper reference `TRANSF1' on page 86 undefined on input line 357
8.


LaTeX Warning: Reference `TRANSF1' on page 86 undefined on input line 3578.


Underfull \hbox (badness 10000) in paragraph at lines 3578--3580

 []


Underfull \vbox (badness 10000) has occurred while \output is active []



[86 <./resources/images/protein_synthesis.png>]

LaTeX Warning: Hyper reference `FIG2' on page 87 undefined on input line 3582.


LaTeX Warning: Reference `FIG2' on page 87 undefined on input line 3582.



[87]
Underfull \hbox (badness 10000) in paragraph at lines 3594--3595

 []


LaTeX Warning: Hyper reference `EQ1' on page 88 undefined on input line 3596.


LaTeX Warning: Reference `EQ1' on page 88 undefined on input line 3596.


Underfull \hbox (badness 10000) in paragraph at lines 3603--3604

 []


LaTeX Warning: Hyper reference `DEFNDNACODONSS' on page 88 undefined on input l
ine 3605.


LaTeX Warning: Reference `DEFNDNACODONSS' on page 88 undefined on input line 36
05.


LaTeX Warning: Citation `gregory1987oxford' on page 88 undefined on input line 
3605.


Underfull \hbox (badness 10000) in paragraph at lines 3610--3611

 []


Underfull \hbox (badness 10000) in paragraph at lines 3617--3618

 []


Underfull \hbox (badness 10000) in paragraph at lines 3619--3620

 []


Underfull \hbox (badness 10000) in paragraph at lines 3624--3625

 []



[88]
Underfull \hbox (badness 10000) in paragraph at lines 3636--3637

 []


Underfull \hbox (badness 10000) in paragraph at lines 3645--3646

 []


Underfull \hbox (badness 10000) in paragraph at lines 3647--3648

 []


Underfull \hbox (badness 10000) in paragraph at lines 3667--3668
\OT1/cmr/m/n/14.4 ini-ti-ates
 []


Underfull \hbox (badness 10000) in paragraph at lines 3669--3670
[]|\OT1/cmr/m/n/14.4 Basic amino
 []


Underfull \hbox (badness 10000) in paragraph at lines 3671--3672
[]|\OT1/cmr/m/n/14.4 Non po-lar
 []


Underfull \hbox (badness 10000) in paragraph at lines 3673--3674
[]|\OT1/cmr/m/n/14.4 Terminates
 []


LaTeX Warning: `h' float specifier changed to `ht'.


LaTeX Warning: Hyper reference `TAB1' on page 89 undefined on input line 3682.


LaTeX Warning: Reference `TAB1' on page 89 undefined on input line 3682.


LaTeX Warning: Hyper reference `TRANSF1' on page 89 undefined on input line 368
2.


LaTeX Warning: Reference `TRANSF1' on page 89 undefined on input line 3682.


LaTeX Warning: Hyper reference `TAB2' on page 89 undefined on input line 3682.


LaTeX Warning: Reference `TAB2' on page 89 undefined on input line 3682.


Underfull \hbox (badness 10000) in paragraph at lines 3693--3694
\OT1/cmr/m/n/14.4 ini-ti-ates
 []


Underfull \hbox (badness 10000) in paragraph at lines 3695--3696
[]|\OT1/cmr/m/n/14.4 Basic amino
 []


Underfull \hbox (badness 10000) in paragraph at lines 3697--3698
[]|\OT1/cmr/m/n/14.4 Non po-lar
 []


Underfull \hbox (badness 10000) in paragraph at lines 3699--3700
[]|\OT1/cmr/m/n/14.4 Terminates
 []


LaTeX Warning: `h' float specifier changed to `ht'.


LaTeX Warning: Hyper reference `APPOTHERFUNC' on page 89 undefined on input lin
e 3708.


LaTeX Warning: Reference `APPOTHERFUNC' on page 89 undefined on input line 3708
.



[89]

LaTeX Warning: Citation `copilot_dna_assistant' on page 90 undefined on input l
ine 3710.


LaTeX Warning: Citation `newsmedical2025startcodons' on page 90 undefined on in
put line 3712.



[90]

LaTeX Warning: Hyper reference `FIG3' on page 91 undefined on input line 3721.


LaTeX Warning: Reference `FIG3' on page 91 undefined on input line 3721.



pdfTeX warning: pdflatex (file ./resources/pdfs/ProteinSynthesisProcessFlowChar
t.pdf): PDF inclusion: found PDF version <1.7>, but at most version <1.5> allow
ed
<resources/pdfs/ProteinSynthesisProcessFlowChart.pdf, id=1453, 614.295pt x 794.
97pt>
File: resources/pdfs/ProteinSynthesisProcessFlowChart.pdf Graphic file (type pd
f)
<use resources/pdfs/ProteinSynthesisProcessFlowChart.pdf>
Package pdftex.def Info: resources/pdfs/ProteinSynthesisProcessFlowChart.pdf  u
sed on input line 3727.
(pdftex.def)             Requested size: 446.69328pt x 412.55904pt.

Underfull \vbox (badness 10000) has occurred while \output is active []



[91]

LaTeX Warning: Hyper reference `FIG3' on page 92 undefined on input line 3733.


LaTeX Warning: Reference `FIG3' on page 92 undefined on input line 3733.


LaTeX Warning: Hyper reference `FIG4' on page 92 undefined on input line 3733.


LaTeX Warning: Reference `FIG4' on page 92 undefined on input line 3733.


LaTeX Warning: Citation `lutalo2024software' on page 92 undefined on input line
 3736.


LaTeX Warning: Citation `lutalo_tea_web' on page 92 undefined on input line 373
6.



[92 <./resources/pdfs/ProteinSynthesisProcessFlowChart.pdf>]

pdfTeX warning: pdflatex (file ./resources/pdfs/RibosomeStateMachine.pdf): PDF 
inclusion: found PDF version <1.7>, but at most version <1.5> allowed
<resources/pdfs/RibosomeStateMachine.pdf, id=1491, 614.295pt x 794.97pt>
File: resources/pdfs/RibosomeStateMachine.pdf Graphic file (type pdf)
<use resources/pdfs/RibosomeStateMachine.pdf>
Package pdftex.def Info: resources/pdfs/RibosomeStateMachine.pdf  used on input
 line 3741.
(pdftex.def)             Requested size: 446.69328pt x 358.76486pt.

LaTeX Warning: Citation `lutalo2025transformatic' on page 93 undefined on input
 line 3748.


LaTeX Warning: Hyper reference `FIG4' on page 93 undefined on input line 3748.


LaTeX Warning: Reference `FIG4' on page 93 undefined on input line 3748.



[93 <./resources/pdfs/RibosomeStateMachine.pdf>]

LaTeX Warning: Citation `lutalo2024mysticism' on page 94 undefined on input lin
e 3752.


LaTeX Warning: Citation `jwlzha' on page 94 undefined on input line 3752.


LaTeX Warning: Citation `lutalo2025unraveling' on page 94 undefined on input li
ne 3752.


LaTeX Warning: Hyper reference `DEFTELEPORTATION' on page 94 undefined on input
 line 3752.


LaTeX Warning: Reference `DEFTELEPORTATION' on page 94 undefined on input line 
3752.


Underfull \vbox (badness 10000) has occurred while \output is active []



[94]

LaTeX Warning: Hyper reference `EQ3' on page 95 undefined on input line 3768.


LaTeX Warning: Reference `EQ3' on page 95 undefined on input line 3768.


LaTeX Warning: Hyper reference `EQ7' on page 95 undefined on input line 3768.


LaTeX Warning: Reference `EQ7' on page 95 undefined on input line 3768.


Underfull \hbox (badness 10000) in paragraph at lines 3773--3774

 []


LaTeX Warning: Hyper reference `TRANSF1' on page 95 undefined on input line 377
5.


LaTeX Warning: Reference `TRANSF1' on page 95 undefined on input line 3775.


Underfull \hbox (badness 10000) in paragraph at lines 3787--3789

 []


LaTeX Warning: Hyper reference `FIG3' on page 95 undefined on input line 3790.


LaTeX Warning: Reference `FIG3' on page 95 undefined on input line 3790.


LaTeX Warning: Hyper reference `FIG4' on page 95 undefined on input line 3790.


LaTeX Warning: Reference `FIG4' on page 95 undefined on input line 3790.



[95]

LaTeX Warning: Hyper reference `TRANSF1' on page 96 undefined on input line 379
6.


LaTeX Warning: Reference `TRANSF1' on page 96 undefined on input line 3796.


LaTeX Warning: Hyper reference `TRANSF2' on page 96 undefined on input line 379
6.


LaTeX Warning: Reference `TRANSF2' on page 96 undefined on input line 3796.


LaTeX Warning: Hyper reference `FIG3' on page 96 undefined on input line 3796.


LaTeX Warning: Reference `FIG3' on page 96 undefined on input line 3796.


LaTeX Warning: Hyper reference `FIG4' on page 96 undefined on input line 3796.


LaTeX Warning: Reference `FIG4' on page 96 undefined on input line 3796.


LaTeX Warning: Hyper reference `TRANSF3' on page 96 undefined on input line 379
8.


LaTeX Warning: Reference `TRANSF3' on page 96 undefined on input line 3798.


LaTeX Warning: Hyper reference `TRANSF3' on page 96 undefined on input line 381
0.


LaTeX Warning: Reference `TRANSF3' on page 96 undefined on input line 3810.



[96]
Chapter 10.
<resources/images/lugenome_expression.jpg, id=1559, 1284.8pt x 963.6pt>
File: resources/images/lugenome_expression.jpg Graphic file (type jpg)
<use resources/images/lugenome_expression.jpg>
Package pdftex.def Info: resources/images/lugenome_expression.jpg  used on inpu
t line 3830.
(pdftex.def)             Requested size: 446.69328pt x 335.01544pt.

Overfull \hbox (12.4pt too wide) in paragraph at lines 3826--3836
 [][] 
 []

LaTeX Font Info:    Font shape `OT1/cmtt/bx/n' in size <14.4> not available
(Font)              Font shape `OT1/cmtt/m/n' tried instead on input line 3847.


Underfull \hbox (badness 10000) in paragraph at lines 3847--3848
[]\OT1/cmtt/m/n/14.4 Genome Expression: The collective expression profile of
 []


Underfull \hbox (badness 10000) in paragraph at lines 3847--3848
\OT1/cmtt/m/n/14.4 all genes within a genome, including coding and non-coding
 []


Underfull \hbox (badness 10000) in paragraph at lines 3847--3848
\OT1/cmtt/m/n/14.4 regions, across different conditions, cell types, or
 []


Underfull \hbox (badness 10000) in paragraph at lines 3847--3848
\OT1/cmtt/m/n/14.4 developmental stages. It is a systems-level view -
 []


Underfull \hbox (badness 10000) in paragraph at lines 3847--3848
\OT1/cmtt/m/n/14.4 measuring how the entire genome behaves dynamically. This
 []


Underfull \hbox (badness 10000) in paragraph at lines 3847--3848
\OT1/cmtt/m/n/14.4 includes: mRNA expression of all genes, noncoding RNA
 []


Underfull \hbox (badness 10000) in paragraph at lines 3847--3848
\OT1/cmtt/m/n/14.4 activity, epigenetic regulation, chromatin accessibility
 []


Underfull \hbox (badness 10000) in paragraph at lines 3847--3848
\OT1/cmtt/m/n/14.4 and transcriptional networks. In essence, gene expression
 []


LaTeX Warning: Citation `copilot_dna_assistant' on page 97 undefined on input l
ine 3850.


Underfull \vbox (badness 10000) has occurred while \output is active []



[97

 <./resources/images/lugenome_expression.jpg>]
Underfull \hbox (badness 10000) in paragraph at lines 3870--3870

 []


Underfull \hbox (badness 10000) in paragraph at lines 3870--3872

 []


Underfull \hbox (badness 10000) in paragraph at lines 3878--3879

 []


Underfull \vbox (badness 10000) has occurred while \output is active []



[98]
Underfull \hbox (badness 10000) in paragraph at lines 3883--3884

 []


LaTeX Warning: Hyper reference `APPOZIN' on page 99 undefined on input line 389
6.


LaTeX Warning: Hyper reference `FIGOZIN' on page 99 undefined on input line 390
2.


LaTeX Warning: Reference `FIGOZIN' on page 99 undefined on input line 3902.



pdfTeX warning: pdflatex (file ./resources/pdfs/OZINCIPHER.pdf): PDF inclusion:
 found PDF version <1.7>, but at most version <1.5> allowed
<resources/pdfs/OZINCIPHER.pdf, id=1576, 614.295pt x 794.97pt>
File: resources/pdfs/OZINCIPHER.pdf Graphic file (type pdf)
<use resources/pdfs/OZINCIPHER.pdf>
Package pdftex.def Info: resources/pdfs/OZINCIPHER.pdf  used on input line 3909
.
(pdftex.def)             Requested size: 446.69328pt x 453.93907pt.

LaTeX Warning: Citation `lutalo_2025_ozin' on page 99 undefined on input line 3
910.


LaTeX Warning: Citation `lutalo_2025_ozin' on page 99 undefined on input line 3
910.


Underfull \vbox (badness 10000) has occurred while \output is active []



[99]

LaTeX Warning: Hyper reference `FIGOZEVIRUS' on page 100 undefined on input lin
e 3919.


LaTeX Warning: Reference `FIGOZEVIRUS' on page 100 undefined on input line 3919
.



pdfTeX warning: pdflatex (file ./resources/pdfs/OZINCIPHER-APP1-EVIRUS.pdf): PD
F inclusion: found PDF version <1.7>, but at most version <1.5> allowed
<resources/pdfs/OZINCIPHER-APP1-EVIRUS.pdf, id=1589, 597.19106pt x 845.07718pt>

File: resources/pdfs/OZINCIPHER-APP1-EVIRUS.pdf Graphic file (type pdf)
<use resources/pdfs/OZINCIPHER-APP1-EVIRUS.pdf>
Package pdftex.def Info: resources/pdfs/OZINCIPHER-APP1-EVIRUS.pdf  used on inp
ut line 3924.
(pdftex.def)             Requested size: 446.69328pt x 206.46008pt.

Underfull \vbox (badness 10000) has occurred while \output is active []



[100 <./resources/pdfs/OZINCIPHER.pdf>]

LaTeX Warning: Citation `adtpaper' on page 101 undefined on input line 3931.


LaTeX Warning: Hyper reference `FIGOZHIFI' on page 101 undefined on input line 
3940.


LaTeX Warning: Reference `FIGOZHIFI' on page 101 undefined on input line 3940.



pdfTeX warning: pdflatex (file ./resources/pdfs/OZINCIPHER-APP2-HIFINELLE.pdf):
 PDF inclusion: found PDF version <1.7>, but at most version <1.5> allowed
<resources/pdfs/OZINCIPHER-APP2-HIFINELLE.pdf, id=1618, 597.19106pt x 845.07718
pt>
File: resources/pdfs/OZINCIPHER-APP2-HIFINELLE.pdf Graphic file (type pdf)
<use resources/pdfs/OZINCIPHER-APP2-HIFINELLE.pdf>
Package pdftex.def Info: resources/pdfs/OZINCIPHER-APP2-HIFINELLE.pdf  used on 
input line 3946.
(pdftex.def)             Requested size: 446.69328pt x 206.46008pt.

Underfull \hbox (badness 10000) in paragraph at lines 3954--3955

 []



[101 <./resources/pdfs/OZINCIPHER-APP1-EVIRUS.pdf> <./resources/pdfs/OZINCIPHER
-APP2-HIFINELLE.pdf>]
Underfull \hbox (badness 10000) in paragraph at lines 3959--3960

 []


LaTeX Warning: Hyper reference `FIGOZEXA' on page 102 undefined on input line 3
961.


LaTeX Warning: Reference `FIGOZEXA' on page 102 undefined on input line 3961.



pdfTeX warning: pdflatex (file ./resources/pdfs/OZINCIPHER-APP3-EXA.pdf): PDF i
nclusion: found PDF version <1.7>, but at most version <1.5> allowed
<resources/pdfs/OZINCIPHER-APP3-EXA.pdf, id=1681, 597.19106pt x 845.07718pt>
File: resources/pdfs/OZINCIPHER-APP3-EXA.pdf Graphic file (type pdf)
<use resources/pdfs/OZINCIPHER-APP3-EXA.pdf>
Package pdftex.def Info: resources/pdfs/OZINCIPHER-APP3-EXA.pdf  used on input 
line 3967.
(pdftex.def)             Requested size: 446.69328pt x 86.25397pt.

Package hyperref Warning: Token not allowed in a PDF string (Unicode):
(hyperref)                removing `math shift' on input line 3974.


Package hyperref Warning: Token not allowed in a PDF string (Unicode):
(hyperref)                removing `\Omega' on input line 3974.


Package hyperref Warning: Token not allowed in a PDF string (Unicode):
(hyperref)                removing `math shift' on input line 3974.


LaTeX Warning: Hyper reference `FIGOZIN' on page 102 undefined on input line 39
87.


LaTeX Warning: Reference `FIGOZIN' on page 102 undefined on input line 3987.


Package hyperref Warning: Token not allowed in a PDF string (Unicode):
(hyperref)                removing `math shift' on input line 4019.


Package hyperref Warning: Token not allowed in a PDF string (Unicode):
(hyperref)                removing `\Omega' on input line 4019.


Package hyperref Warning: Token not allowed in a PDF string (Unicode):
(hyperref)                removing `math shift' on input line 4019.


LaTeX Warning: Hyper reference `ALGCOZIN' on page 102 undefined on input line 4
022.


LaTeX Warning: Reference `ALGCOZIN' on page 102 undefined on input line 4022.



[102 <./resources/pdfs/OZINCIPHER-APP3-EXA.pdf>]

LaTeX Warning: Hyper reference `SEC3A' on page 103 undefined on input line 4024
.


LaTeX Warning: Reference `SEC3A' on page 103 undefined on input line 4024.


LaTeX Warning: Hyper reference `SECAPPCOMPLEMENTS' on page 103 undefined on inp
ut line 4024.


LaTeX Warning: Reference `SECAPPCOMPLEMENTS' on page 103 undefined on input lin
e 4024.


LaTeX Warning: Citation `wikipedia_codon_tables' on page 103 undefined on input
 line 4024.


Underfull \hbox (badness 10000) in paragraph at lines 4024--4025

 []


Underfull \hbox (badness 10000) in paragraph at lines 4029--4030

 []


Underfull \hbox (badness 10000) in paragraph at lines 4031--4032

 []


Underfull \hbox (badness 10000) in paragraph at lines 4036--4037

 []



pdfTeX warning: pdflatex (file ./resources/pdfs/OZINCIPHER-APP4-PAL.pdf): PDF i
nclusion: found PDF version <1.7>, but at most version <1.5> allowed
<resources/pdfs/OZINCIPHER-APP4-PAL.pdf, id=1730, 597.19106pt x 845.07718pt>
File: resources/pdfs/OZINCIPHER-APP4-PAL.pdf Graphic file (type pdf)
<use resources/pdfs/OZINCIPHER-APP4-PAL.pdf>
Package pdftex.def Info: resources/pdfs/OZINCIPHER-APP4-PAL.pdf  used on input 
line 4045.
(pdftex.def)             Requested size: 446.69328pt x 86.25397pt.


[103 <./resources/pdfs/OZINCIPHER-APP4-PAL.pdf>]

LaTeX Warning: Hyper reference `SECOZIN' on page 104 undefined on input line 40
60.


LaTeX Warning: Reference `SECOZIN' on page 104 undefined on input line 4060.


LaTeX Warning: Hyper reference `SEC5' on page 104 undefined on input line 4060.



LaTeX Warning: Reference `SEC5' on page 104 undefined on input line 4060.


LaTeX Warning: Hyper reference `TAB1' on page 104 undefined on input line 4062.



LaTeX Warning: Reference `TAB1' on page 104 undefined on input line 4062.


LaTeX Warning: Hyper reference `SEC05' on page 104 undefined on input line 4062
.


LaTeX Warning: Reference `SEC05' on page 104 undefined on input line 4062.


LaTeX Warning: Hyper reference `FIG3' on page 104 undefined on input line 4062.



LaTeX Warning: Reference `FIG3' on page 104 undefined on input line 4062.


LaTeX Warning: Hyper reference `FIG4' on page 104 undefined on input line 4062.



LaTeX Warning: Reference `FIG4' on page 104 undefined on input line 4062.


LaTeX Warning: Hyper reference `EQ6' on page 104 undefined on input line 4062.


LaTeX Warning: Reference `EQ6' on page 104 undefined on input line 4062.


Underfull \hbox (badness 10000) in paragraph at lines 4068--4069

 []



[104]
Underfull \hbox (badness 10000) in paragraph at lines 4076--4077

 []


LaTeX Warning: Hyper reference `ALGCOZIN' on page 105 undefined on input line 4
085.


LaTeX Warning: Reference `ALGCOZIN' on page 105 undefined on input line 4085.


LaTeX Warning: Hyper reference `FIGPLATONICCIPH' on page 105 undefined on input
 line 4085.


LaTeX Warning: Reference `FIGPLATONICCIPH' on page 105 undefined on input line 
4085.


LaTeX Warning: Citation `lutalo_2025_platonic' on page 105 undefined on input l
ine 4085.



pdfTeX warning: pdflatex (file ./resources/pdfs/PLATOCIPHER.pdf): PDF inclusion
: found PDF version <1.7>, but at most version <1.5> allowed
<resources/pdfs/PLATOCIPHER.pdf, id=1759, 614.295pt x 794.97pt>
File: resources/pdfs/PLATOCIPHER.pdf Graphic file (type pdf)
<use resources/pdfs/PLATOCIPHER.pdf>
Package pdftex.def Info: resources/pdfs/PLATOCIPHER.pdf  used on input line 409
1.
(pdftex.def)             Requested size: 446.69328pt x 495.3191pt.

LaTeX Warning: Citation `lutalo_2025_platonic' on page 105 undefined on input l
ine 4092.


LaTeX Warning: Citation `lutalo_2025_platonic' on page 105 undefined on input l
ine 4092.


Underfull \vbox (badness 10000) has occurred while \output is active []



[105]

Package hyperref Warning: Token not allowed in a PDF string (Unicode):
(hyperref)                removing `math shift' on input line 4100.


Package hyperref Warning: Token not allowed in a PDF string (Unicode):
(hyperref)                removing `\psi' on input line 4100.


Package hyperref Warning: Token not allowed in a PDF string (Unicode):
(hyperref)                removing `subscript' on input line 4100.


Package hyperref Warning: Token not allowed in a PDF string (Unicode):
(hyperref)                removing `\Omega' on input line 4100.


Package hyperref Warning: Token not allowed in a PDF string (Unicode):
(hyperref)                removing `math shift' on input line 4100.


Package hyperref Warning: Token not allowed in a PDF string (Unicode):
(hyperref)                removing `math shift' on input line 4100.


Package hyperref Warning: Token not allowed in a PDF string (Unicode):
(hyperref)                removing `\psi' on input line 4100.


Package hyperref Warning: Token not allowed in a PDF string (Unicode):
(hyperref)                removing `subscript' on input line 4100.


Package hyperref Warning: Token not allowed in a PDF string (Unicode):
(hyperref)                removing `math shift' on input line 4100.


LaTeX Warning: Hyper reference `ALGCOZIN' on page 106 undefined on input line 4
112.


LaTeX Warning: Reference `ALGCOZIN' on page 106 undefined on input line 4112.


Underfull \hbox (badness 10000) in paragraph at lines 4112--4113

 []



[106 <./resources/pdfs/PLATOCIPHER.pdf>]
Underfull \hbox (badness 10000) in paragraph at lines 4117--4118

 []


Underfull \hbox (badness 10000) in paragraph at lines 4119--4120

 []


Underfull \hbox (badness 10000) in paragraph at lines 4123--4124

 []


Underfull \hbox (badness 10000) in paragraph at lines 4129--4130

 []


Underfull \hbox (badness 10000) in paragraph at lines 4134--4135

 []


Underfull \hbox (badness 10000) in paragraph at lines 4136--4137

 []



[107]
Underfull \hbox (badness 10000) in paragraph at lines 4141--4142

 []


LaTeX Warning: Hyper reference `APPSLSA' on page 108 undefined on input line 41
51.


LaTeX Warning: Reference `APPSLSA' on page 108 undefined on input line 4151.


LaTeX Warning: Hyper reference `FIGPLATONICCIPH' on page 108 undefined on input
 line 4155.


LaTeX Warning: Reference `FIGPLATONICCIPH' on page 108 undefined on input line 
4155.


Underfull \hbox (badness 10000) in paragraph at lines 4158--4159

 []


Underfull \hbox (badness 10000) in paragraph at lines 4163--4164

 []


Underfull \hbox (badness 10000) in paragraph at lines 4165--4166

 []


Underfull \hbox (badness 10000) in paragraph at lines 4170--4171

 []


LaTeX Warning: Hyper reference `SECIFAMSSPFMAPS' on page 108 undefined on input
 line 4176.


LaTeX Warning: Reference `SECIFAMSSPFMAPS' on page 108 undefined on input line 
4176.


Underfull \hbox (badness 10000) in paragraph at lines 4176--4177

 []


Underfull \hbox (badness 10000) in paragraph at lines 4187--4187

 []


Overfull \hbox (27.90407pt too wide) in paragraph at lines 4187--4189
[][] 
 []


Underfull \hbox (badness 10000) in paragraph at lines 4187--4189

 []


LaTeX Warning: Hyper reference `EQEXTFGEJOINT' on page 108 undefined on input l
ine 4193.


LaTeX Warning: Reference `EQEXTFGEJOINT' on page 108 undefined on input line 41
93.


Underfull \hbox (badness 10000) in paragraph at lines 4193--4194

 []



[108]
Underfull \hbox (badness 10000) in paragraph at lines 4198--4199

 []


Underfull \hbox (badness 10000) in paragraph at lines 4200--4201

 []


Underfull \hbox (badness 10000) in paragraph at lines 4205--4206

 []


LaTeX Warning: Hyper reference `EQFBOXED' on page 109 undefined on input line 4
207.


LaTeX Warning: Reference `EQFBOXED' on page 109 undefined on input line 4207.


LaTeX Warning: Hyper reference `TABSSLAPERK' on page 109 undefined on input lin
e 4207.


LaTeX Warning: Reference `TABSSLAPERK' on page 109 undefined on input line 4207
.


LaTeX Warning: Hyper reference `FIGEXAPLATONICFORMPFA' on page 109 undefined on
 input line 4207.


LaTeX Warning: Reference `FIGEXAPLATONICFORMPFA' on page 109 undefined on input
 line 4207.


LaTeX Warning: Hyper reference `FIGEXAPLATONICFORMPFA' on page 109 undefined on
 input line 4207.


LaTeX Warning: Reference `FIGEXAPLATONICFORMPFA' on page 109 undefined on input
 line 4207.



pdfTeX warning: pdflatex (file ./resources/pdfs/EXAPLATONICFORM-PFA.pdf): PDF i
nclusion: found PDF version <1.7>, but at most version <1.5> allowed
<resources/pdfs/EXAPLATONICFORM-PFA.pdf, id=1836, 597.19106pt x 845.07718pt>
File: resources/pdfs/EXAPLATONICFORM-PFA.pdf Graphic file (type pdf)
<use resources/pdfs/EXAPLATONICFORM-PFA.pdf>
Package pdftex.def Info: resources/pdfs/EXAPLATONICFORM-PFA.pdf  used on input 
line 4227.
(pdftex.def)             Requested size: 446.69328pt x 389.13423pt.

Underfull \vbox (badness 10000) has occurred while \output is active []



[109]

LaTeX Warning: Hyper reference `ALGCOZINPLATO' on page 110 undefined on input l
ine 4235.


LaTeX Warning: Reference `ALGCOZINPLATO' on page 110 undefined on input line 42
35.


LaTeX Warning: Hyper reference `EQDNEXA' on page 110 undefined on input line 42
42.


LaTeX Warning: Reference `EQDNEXA' on page 110 undefined on input line 4242.


LaTeX Warning: Hyper reference `FIGPLATONICEXA' on page 110 undefined on input 
line 4242.


LaTeX Warning: Reference `FIGPLATONICEXA' on page 110 undefined on input line 4
242.


LaTeX Warning: Citation `lutalo_2025_exa' on page 110 undefined on input line 4
242.


LaTeX Warning: Hyper reference `FIGOZEXA' on page 110 undefined on input line 4
242.


LaTeX Warning: Reference `FIGOZEXA' on page 110 undefined on input line 4242.



[110 <./resources/pdfs/EXAPLATONICFORM-PFA.pdf>]
Underfull \hbox (badness 10000) in paragraph at lines 4258--4258

 []


Underfull \hbox (badness 10000) in paragraph at lines 4258--4258

 []


Overfull \hbox (11.49992pt too wide) in paragraph at lines 4258--4259
 [] 
 []


LaTeX Warning: Hyper reference `FIGPLATONICEXA' on page 111 undefined on input 
line 4263.


LaTeX Warning: Reference `FIGPLATONICEXA' on page 111 undefined on input line 4
263.



pdfTeX warning: pdflatex (file ./resources/pdfs/PLATONIC-EXA-landscape.pdf): PD
F inclusion: found PDF version <1.7>, but at most version <1.5> allowed
<resources/pdfs/PLATONIC-EXA-landscape.pdf, id=1865, 1460.57669pt x 595.26389pt
>
File: resources/pdfs/PLATONIC-EXA-landscape.pdf Graphic file (type pdf)
<use resources/pdfs/PLATONIC-EXA-landscape.pdf>
Package pdftex.def Info: resources/pdfs/PLATONIC-EXA-landscape.pdf  used on inp
ut line 4270.
(pdftex.def)             Requested size: 446.69328pt x 182.05025pt.

LaTeX Warning: Hyper reference `EQDNEXA' on page 111 undefined on input line 42
71.


LaTeX Warning: Reference `EQDNEXA' on page 111 undefined on input line 4271.


LaTeX Warning: Hyper reference `EQDNEXA' on page 111 undefined on input line 42
71.


LaTeX Warning: Reference `EQDNEXA' on page 111 undefined on input line 4271.


LaTeX Warning: Hyper reference `TRANSFGEDERIV' on page 111 undefined on input l
ine 4277.


LaTeX Warning: Reference `TRANSFGEDERIV' on page 111 undefined on input line 42
77.


LaTeX Warning: Hyper reference `EQDNAV' on page 111 undefined on input line 428
0.


LaTeX Warning: Reference `EQDNAV' on page 111 undefined on input line 4280.


LaTeX Warning: Hyper reference `ALGCOZINPLATO' on page 111 undefined on input l
ine 4282.


LaTeX Warning: Reference `ALGCOZINPLATO' on page 111 undefined on input line 42
82.


LaTeX Warning: Hyper reference `FIGOZEVIRUS' on page 111 undefined on input lin
e 4282.


LaTeX Warning: Reference `FIGOZEVIRUS' on page 111 undefined on input line 4282
.


LaTeX Warning: Citation `agrippa2014occult' on page 111 undefined on input line
 4282.


LaTeX Warning: Citation `lutalo2025unraveling' on page 111 undefined on input l
ine 4282.


LaTeX Warning: Reference `FIGPLATONICEXA' on page 111 undefined on input line 4
282.


LaTeX Warning: Citation `jung1964symbols' on page 111 undefined on input line 4
282.


LaTeX Warning: Citation `lutalo2025rock' on page 111 undefined on input line 42
82.


LaTeX Warning: Citation `lutalo2025concerning_trans' on page 111 undefined on i
nput line 4282.



[111 <./resources/pdfs/PLATONIC-EXA-landscape.pdf>]
Underfull \hbox (badness 10000) in paragraph at lines 4297--4297

 []


Overfull \hbox (11.49992pt too wide) in paragraph at lines 4297--4298
 [] 
 []


LaTeX Warning: Hyper reference `TRANSGENSEQEVIRUS' on page 112 undefined on inp
ut line 4302.


LaTeX Warning: Reference `TRANSGENSEQEVIRUS' on page 112 undefined on input lin
e 4302.


LaTeX Warning: Hyper reference `EQEXTFGEJOINTSUF' on page 112 undefined on inpu
t line 4302.


LaTeX Warning: Reference `EQEXTFGEJOINTSUF' on page 112 undefined on input line
 4302.


LaTeX Warning: Hyper reference `EQFBOXED' on page 112 undefined on input line 4
302.


LaTeX Warning: Reference `EQFBOXED' on page 112 undefined on input line 4302.


Underfull \hbox (badness 10000) in paragraph at lines 4302--4303

 []


Underfull \hbox (badness 10000) in paragraph at lines 4307--4308

 []


LaTeX Warning: Hyper reference `EQGFEEVIRUS' on page 112 undefined on input lin
e 4309.


LaTeX Warning: Reference `EQGFEEVIRUS' on page 112 undefined on input line 4309
.


LaTeX Warning: Hyper reference `EQFBOXED' on page 112 undefined on input line 4
309.


LaTeX Warning: Reference `EQFBOXED' on page 112 undefined on input line 4309.


LaTeX Warning: Hyper reference `FIGLGESEULERVIRUS' on page 112 undefined on inp
ut line 4309.


LaTeX Warning: Reference `FIGLGESEULERVIRUS' on page 112 undefined on input lin
e 4309.



pdfTeX warning: pdflatex (file ./resources/pdfs/PLATONIC-EULERVIRUS-landscape.p
df): PDF inclusion: found PDF version <1.7>, but at most version <1.5> allowed
<resources/pdfs/PLATONIC-EULERVIRUS-landscape.pdf, id=1896, 1792.77776pt x 554.
07pt>
File: resources/pdfs/PLATONIC-EULERVIRUS-landscape.pdf Graphic file (type pdf)
<use resources/pdfs/PLATONIC-EULERVIRUS-landscape.pdf>
Package pdftex.def Info: resources/pdfs/PLATONIC-EULERVIRUS-landscape.pdf  used
 on input line 4315.
(pdftex.def)             Requested size: 446.69328pt x 138.05215pt.

LaTeX Warning: Hyper reference `EQGFEEVIRUS' on page 112 undefined on input lin
e 4316.


LaTeX Warning: Reference `EQGFEEVIRUS' on page 112 undefined on input line 4316
.


LaTeX Warning: Hyper reference `EQGFEEVIRUS' on page 112 undefined on input lin
e 4316.


LaTeX Warning: Reference `EQGFEEVIRUS' on page 112 undefined on input line 4316
.



[112]

LaTeX Warning: Hyper reference `EQGFEEVIRUS' on page 113 undefined on input lin
e 4322.


LaTeX Warning: Reference `EQGFEEVIRUS' on page 113 undefined on input line 4322
.


LaTeX Warning: Hyper reference `FIGLGESEULERVIRUSv2' on page 113 undefined on i
nput line 4322.


LaTeX Warning: Reference `FIGLGESEULERVIRUSv2' on page 113 undefined on input l
ine 4322.



pdfTeX warning: pdflatex (file ./resources/pdfs/v2-PLATONIC-EULERVIRUS-landscap
e.pdf): PDF inclusion: found PDF version <1.7>, but at most version <1.5> allow
ed
<resources/pdfs/v2-PLATONIC-EULERVIRUS-landscape.pdf, id=1908, 1906.00081pt x 3
76.52669pt>
File: resources/pdfs/v2-PLATONIC-EULERVIRUS-landscape.pdf Graphic file (type pd
f)
<use resources/pdfs/v2-PLATONIC-EULERVIRUS-landscape.pdf>
Package pdftex.def Info: resources/pdfs/v2-PLATONIC-EULERVIRUS-landscape.pdf  u
sed on input line 4328.
(pdftex.def)             Requested size: 446.69328pt x 88.24248pt.

LaTeX Warning: Hyper reference `FIGLGESEULERVIRUS' on page 113 undefined on inp
ut line 4329.


LaTeX Warning: Reference `FIGLGESEULERVIRUS' on page 113 undefined on input lin
e 4329.


LaTeX Warning: Hyper reference `FIGLGESEULERVIRUS' on page 113 undefined on inp
ut line 4329.


LaTeX Warning: Reference `FIGLGESEULERVIRUS' on page 113 undefined on input lin
e 4329.


Underfull \vbox (badness 10000) has occurred while \output is active []



[113 <./resources/pdfs/PLATONIC-EULERVIRUS-landscape.pdf>]

LaTeX Warning: Hyper reference `ALGCOZINPLATO' on page 114 undefined on input l
ine 4334.


LaTeX Warning: Reference `ALGCOZINPLATO' on page 114 undefined on input line 43
34.


LaTeX Warning: Reference `FIGLGESEULERVIRUS' on page 114 undefined on input lin
e 4336.


Underfull \hbox (badness 10000) in paragraph at lines 4367--4367

 []


Underfull \hbox (badness 10000) in paragraph at lines 4367--4367
[]\OT1/cmtt/m/n/12 Aristotle attached considerable significance to the fact tha
t
 []


Underfull \hbox (badness 10000) in paragraph at lines 4367--4367
\OT1/cmtt/m/n/12 human beings can count: it is this ability, he claimed, that
 []


Underfull \hbox (badness 10000) in paragraph at lines 4367--4367

 []


Underfull \hbox (badness 10000) in paragraph at lines 4367--4367

 []


Underfull \hbox (badness 10000) in paragraph at lines 4367--4367
\OT1/cmtt/m/n/12 As Brainerd (1973) has pointed out, in most Western nations
 []


Underfull \hbox (badness 10000) in paragraph at lines 4367--4367
\OT1/cmtt/m/n/12 today we expect students, by the time they reach their early
 []


Underfull \hbox (badness 10000) in paragraph at lines 4367--4367
\OT1/cmtt/m/n/12 teens, to be much more competent with numbers than was an
 []


Underfull \hbox (badness 10000) in paragraph at lines 4367--4367
\OT1/cmtt/m/n/12 educated adult Greek or Roman of 2,000 years ago. This fact
 []


Underfull \hbox (badness 10000) in paragraph at lines 4367--4367
\OT1/cmtt/m/n/12 arises in no small measure from the elegance and power of the
 []


Underfull \hbox (badness 10000) in paragraph at lines 4367--4367

 []


Underfull \hbox (badness 10000) in paragraph at lines 4367--4367

 []


Underfull \hbox (badness 10000) in paragraph at lines 4367--4367
\OT1/cmtt/m/n/12 In short, a price of the increased abstractness of the Arabic
 []


Underfull \hbox (badness 10000) in paragraph at lines 4367--4367
\OT1/cmtt/m/n/12 system is an obscuring of some of the key principles on which
 []


Underfull \hbox (badness 10000) in paragraph at lines 4367--4367
\OT1/cmtt/m/n/12 numbers are based. To an ancient Egyptian, the fact that 3+4=7

 []


Underfull \hbox (badness 10000) in paragraph at lines 4367--4367
\OT1/cmtt/m/n/12 was apparent from the relationship between the Egyptian number

 []


Underfull \hbox (badness 10000) in paragraph at lines 4367--4367
\OT1/cmtt/m/n/12 representing 7 and those representing 3 and 4. There is no
 []


Underfull \hbox (badness 10000) in paragraph at lines 4367--4367
\OT1/cmtt/m/n/12 hint of such a relationship, however, when this equation is
 []


Underfull \hbox (badness 10000) in paragraph at lines 4367--4367
\OT1/cmtt/m/n/12 expressed in Arabic notation. The price has been worth the
 []


Underfull \hbox (badness 10000) in paragraph at lines 4367--4367

 []


Underfull \hbox (badness 10000) in paragraph at lines 4367--4367

 []


Underfull \hbox (badness 10000) in paragraph at lines 4367--4367
\OT1/cmtt/m/n/12 If you invented a unique symbol to represent each of the
 []


Underfull \hbox (badness 10000) in paragraph at lines 4367--4367
\OT1/cmtt/m/n/12 possible quantities of stones (including the case of no stones
)
 []


Underfull \hbox (badness 10000) in paragraph at lines 4367--4367
\OT1/cmtt/m/n/12 up to that of your standard and decided to use the position
 []


Underfull \hbox (badness 10000) in paragraph at lines 4367--4367
\OT1/cmtt/m/n/12 of that symbol to indicate the pile to which it refers, you
 []


Underfull \hbox (badness 10000) in paragraph at lines 4367--4367
\OT1/cmtt/m/n/12 would have what we refer to today as a place-notation system f
or
 []


Underfull \hbox (badness 10000) in paragraph at lines 4367--4367

 []


Underfull \hbox (badness 10000) in paragraph at lines 4367--4367

 []


Underfull \hbox (badness 10000) in paragraph at lines 4367--4367
\OT1/cmtt/m/n/12 The relative ease with which one can count or compute depends
 []


Underfull \hbox (badness 10000) in paragraph at lines 4367--4367
\OT1/cmtt/m/n/12 to no small degree on the characteristics of the system that i
s
 []


Underfull \hbox (badness 10000) in paragraph at lines 4367--4367

 []


LaTeX Warning: Citation `nickerson1988counting' on page 114 undefined on input 
line 4367.


LaTeX Warning: Citation `base36paper' on page 114 undefined on input line 4367.



LaTeX Warning: Citation `transformatics' on page 114 undefined on input line 43
67.


Underfull \vbox (badness 10000) has occurred while \output is active []



[114 <./resources/pdfs/v2-PLATONIC-EULERVIRUS-landscape.pdf>]
Overfull \vbox (37.6189pt too high) has occurred while \output is active []



[115]

LaTeX Warning: Hyper reference `SECFULLGES' on page 116 undefined on input line
 4375.


LaTeX Warning: Reference `SECFULLGES' on page 116 undefined on input line 4375.



LaTeX Warning: Hyper reference `ALGCOZINPLATO_ORIG' on page 116 undefined on in
put line 4382.


LaTeX Warning: Reference `ALGCOZINPLATO_ORIG' on page 116 undefined on input li
ne 4382.


LaTeX Warning: Hyper reference `SECALTPFGESA' on page 116 undefined on input li
ne 4382.


LaTeX Warning: Reference `SECALTPFGESA' on page 116 undefined on input line 438
2.


LaTeX Warning: Hyper reference `ALGCOZINPLATO' on page 116 undefined on input l
ine 4382.


LaTeX Warning: Reference `ALGCOZINPLATO' on page 116 undefined on input line 43
82.


LaTeX Warning: Hyper reference `EQTRANSLGENSEQ' on page 116 undefined on input 
line 4382.


LaTeX Warning: Reference `EQTRANSLGENSEQ' on page 116 undefined on input line 4
382.


LaTeX Warning: Hyper reference `EQGFEEVIRUS' on page 116 undefined on input lin
e 4382.


LaTeX Warning: Reference `EQGFEEVIRUS' on page 116 undefined on input line 4382
.


LaTeX Warning: Hyper reference `EQGFEEVIRUS' on page 116 undefined on input lin
e 4382.


LaTeX Warning: Reference `EQGFEEVIRUS' on page 116 undefined on input line 4382
.


LaTeX Warning: Hyper reference `EQFBOXED' on page 116 undefined on input line 4
382.


LaTeX Warning: Reference `EQFBOXED' on page 116 undefined on input line 4382.


LaTeX Warning: Hyper reference `FIGPLATONICCIPH' on page 116 undefined on input
 line 4382.


LaTeX Warning: Hyper reference `SECFULLGES' on page 116 undefined on input line
 4383.


LaTeX Warning: Reference `SECFULLGES' on page 116 undefined on input line 4383.




[116]

LaTeX Warning: Hyper reference `ALGCOZINPLATO' on page 117 undefined on input l
ine 4386.


LaTeX Warning: Reference `ALGCOZINPLATO' on page 117 undefined on input line 43
86.


Package hyperref Warning: Token not allowed in a PDF string (Unicode):
(hyperref)                removing `math shift' on input line 4389.


Package hyperref Warning: Token not allowed in a PDF string (Unicode):
(hyperref)                removing `\psi' on input line 4389.


Package hyperref Warning: Token not allowed in a PDF string (Unicode):
(hyperref)                removing `subscript' on input line 4389.


Package hyperref Warning: Token not allowed in a PDF string (Unicode):
(hyperref)                removing `\Omega' on input line 4389.


Package hyperref Warning: Token not allowed in a PDF string (Unicode):
(hyperref)                removing `math shift' on input line 4389.


Package hyperref Warning: Token not allowed in a PDF string (Unicode):
(hyperref)                removing `math shift' on input line 4389.


Package hyperref Warning: Token not allowed in a PDF string (Unicode):
(hyperref)                removing `\psi' on input line 4389.


Package hyperref Warning: Token not allowed in a PDF string (Unicode):
(hyperref)                removing `subscript' on input line 4389.


Package hyperref Warning: Token not allowed in a PDF string (Unicode):
(hyperref)                removing `math shift' on input line 4389.


Package hyperref Warning: Token not allowed in a PDF string (Unicode):
(hyperref)                removing `math shift' on input line 4389.


Package hyperref Warning: Token not allowed in a PDF string (Unicode):
(hyperref)                removing `\psi' on input line 4389.


Package hyperref Warning: Token not allowed in a PDF string (Unicode):
(hyperref)                removing `subscript' on input line 4389.


Package hyperref Warning: Token not allowed in a PDF string (Unicode):
(hyperref)                removing `math shift' on input line 4389.


Package hyperref Warning: Token not allowed in a PDF string (Unicode):
(hyperref)                removing `math shift' on input line 4389.


Package hyperref Warning: Token not allowed in a PDF string (Unicode):
(hyperref)                removing `\psi' on input line 4389.


Package hyperref Warning: Token not allowed in a PDF string (Unicode):
(hyperref)                removing `subscript' on input line 4389.


Package hyperref Warning: Token not allowed in a PDF string (Unicode):
(hyperref)                removing `math shift' on input line 4389.


LaTeX Warning: Hyper reference `ALGCOZINPLATO' on page 117 undefined on input l
ine 4401.


LaTeX Warning: Reference `ALGCOZINPLATO' on page 117 undefined on input line 44
01.


Underfull \hbox (badness 10000) in paragraph at lines 4401--4402

 []


Underfull \hbox (badness 10000) in paragraph at lines 4406--4407

 []



[117]

LaTeX Warning: Hyper reference `ALGCOZINPLATO' on page 118 undefined on input l
ine 4427.


LaTeX Warning: Reference `ALGCOZINPLATO' on page 118 undefined on input line 44
27.


Underfull \hbox (badness 10000) in paragraph at lines 4432--4433

 []


LaTeX Warning: Hyper reference `EQEXTFGEJOINTEXT' on page 118 undefined on inpu
t line 4441.


LaTeX Warning: Reference `EQEXTFGEJOINTEXT' on page 118 undefined on input line
 4441.


LaTeX Warning: Hyper reference `ALGCOZINPLATOEXT' on page 118 undefined on inpu
t line 4457.


LaTeX Warning: Reference `ALGCOZINPLATOEXT' on page 118 undefined on input line
 4457.



pdfTeX warning: pdflatex (file ./resources/pdfs/EXT-v2-PLATONIC-EULERVIRUS-land
scape.pdf): PDF inclusion: found PDF version <1.7>, but at most version <1.5> a
llowed
<resources/pdfs/EXT-v2-PLATONIC-EULERVIRUS-landscape.pdf, id=1972, 2049.57712pt
 x 728.7225pt>
File: resources/pdfs/EXT-v2-PLATONIC-EULERVIRUS-landscape.pdf Graphic file (typ
e pdf)
<use resources/pdfs/EXT-v2-PLATONIC-EULERVIRUS-landscape.pdf>
Package pdftex.def Info: resources/pdfs/EXT-v2-PLATONIC-EULERVIRUS-landscape.pd
f  used on input line 4464.
(pdftex.def)             Requested size: 446.69328pt x 158.81833pt.

Underfull \vbox (badness 4120) has occurred while \output is active []



[118]

LaTeX Warning: Hyper reference `EQDNAV' on page 119 undefined on input line 447
0.


LaTeX Warning: Reference `EQDNAV' on page 119 undefined on input line 4470.


LaTeX Warning: Hyper reference `FIGLGESEULERVIRUSv2EXT' on page 119 undefined o
n input line 4470.


LaTeX Warning: Reference `FIGLGESEULERVIRUSv2EXT' on page 119 undefined on inpu
t line 4470.


LaTeX Warning: Hyper reference `FIGOZEVIRUS' on page 119 undefined on input lin
e 4470.


LaTeX Warning: Reference `FIGOZEVIRUS' on page 119 undefined on input line 4470
.


LaTeX Warning: Hyper reference `FIGLGESEULERVIRUSv2' on page 119 undefined on i
nput line 4470.


LaTeX Warning: Reference `FIGLGESEULERVIRUSv2' on page 119 undefined on input l
ine 4470.


Underfull \hbox (badness 10000) in paragraph at lines 4485--4485

 []


LaTeX Warning: Citation `base36paper' on page 119 undefined on input line 4490.



LaTeX Warning: Citation `lnspaper' on page 119 undefined on input line 4490.


LaTeX Warning: Citation `bosse2025repeating' on page 119 undefined on input lin
e 4490.



[119 <./resources/pdfs/EXT-v2-PLATONIC-EULERVIRUS-landscape.pdf>]

LaTeX Warning: Hyper reference `EQ6B' on page 120 undefined on input line 4497.



LaTeX Warning: Reference `EQ6B' on page 120 undefined on input line 4497.


LaTeX Warning: Hyper reference `EQ5' on page 120 undefined on input line 4497.


LaTeX Warning: Reference `EQ5' on page 120 undefined on input line 4497.


Underfull \hbox (badness 10000) in paragraph at lines 4501--4502

 []


Underfull \hbox (badness 10000) in paragraph at lines 4506--4508

 []


LaTeX Warning: Hyper reference `TRANSFDNADECEN' on page 120 undefined on input 
line 4511.


LaTeX Warning: Reference `TRANSFDNADECEN' on page 120 undefined on input line 4
511.


LaTeX Warning: Hyper reference `EQ5' on page 120 undefined on input line 4532.


LaTeX Warning: Reference `EQ5' on page 120 undefined on input line 4532.



[120]
Underfull \hbox (badness 10000) in paragraph at lines 4540--4541

 []


Underfull \hbox (badness 10000) in paragraph at lines 4546--4547

 []


LaTeX Warning: Hyper reference `EQDNHIFI' on page 121 undefined on input line 4
549.


LaTeX Warning: Reference `EQDNHIFI' on page 121 undefined on input line 4549.


LaTeX Warning: Hyper reference `THEOCOMPEQUIV' on page 121 undefined on input l
ine 4549.


LaTeX Warning: Reference `THEOCOMPEQUIV' on page 121 undefined on input line 45
49.


LaTeX Warning: Hyper reference `TRANSFDNADECEN' on page 121 undefined on input 
line 4549.


LaTeX Warning: Reference `TRANSFDNADECEN' on page 121 undefined on input line 4
549.


Underfull \hbox (badness 10000) in paragraph at lines 4549--4550

 []


Underfull \hbox (badness 10000) in paragraph at lines 4554--4556

 []


LaTeX Warning: Hyper reference `TRANSFDNADECEN' on page 121 undefined on input 
line 4561.


LaTeX Warning: Reference `TRANSFDNADECEN' on page 121 undefined on input line 4
561.


Underfull \hbox (badness 10000) in paragraph at lines 4577--4577

 []


Overfull \hbox (11.49992pt too wide) in paragraph at lines 4577--4578
 [] 
 []


LaTeX Warning: Hyper reference `TRANSFDECTONASEQ' on page 121 undefined on inpu
t line 4584.


LaTeX Warning: Reference `TRANSFDECTONASEQ' on page 121 undefined on input line
 4584.



[121]
Underfull \hbox (badness 10000) in paragraph at lines 4623--4624

 []


Underfull \hbox (badness 10000) in paragraph at lines 4631--4632

 []



[122]

LaTeX Warning: Hyper reference `EQDNHIFINUM' on page 123 undefined on input lin
e 4640.


LaTeX Warning: Reference `EQDNHIFINUM' on page 123 undefined on input line 4640
.


Overfull \hbox (19.10762pt too wide) in paragraph at lines 4640--4641
[]\OT1/cmr/m/n/14.4 So, re-turn-ing to that in-ter-est-ing \OT1/cmr/bx/n/14.4 H
i-Fi o-SSI \OT1/cmr/m/n/14.4 se-quence --- $
[] = 8649137520$,
 []


Underfull \hbox (badness 10000) in paragraph at lines 4640--4641

 []


Underfull \hbox (badness 10000) in paragraph at lines 4644--4646

 []


Underfull \hbox (badness 10000) in paragraph at lines 4649--4650

 []


Underfull \hbox (badness 10000) in paragraph at lines 4653--4655

 []


LaTeX Warning: Hyper reference `FIGOZHIFI' on page 123 undefined on input line 
4662.


LaTeX Warning: Reference `FIGOZHIFI' on page 123 undefined on input line 4662.


LaTeX Warning: Hyper reference `TRANSGENSEQEVIRUS' on page 123 undefined on inp
ut line 4662.


LaTeX Warning: Reference `TRANSGENSEQEVIRUS' on page 123 undefined on input lin
e 4662.


Underfull \hbox (badness 10000) in paragraph at lines 4662--4663

 []


LaTeX Warning: Hyper reference `TRANSGENSEQHiFinelle' on page 123 undefined on 
input line 4677.


LaTeX Warning: Reference `TRANSGENSEQHiFinelle' on page 123 undefined on input 
line 4677.


LaTeX Warning: Hyper reference `TRANSGENSEQEVIRUS' on page 123 undefined on inp
ut line 4677.


LaTeX Warning: Reference `TRANSGENSEQEVIRUS' on page 123 undefined on input lin
e 4677.


LaTeX Warning: Hyper reference `ALGCOZINPLATOEXT' on page 123 undefined on inpu
t line 4677.


LaTeX Warning: Reference `ALGCOZINPLATOEXT' on page 123 undefined on input line
 4677.


LaTeX Warning: Reference `FIGEARTHWORM' on page 123 undefined on input line 467
7.



[123]
<resources/images/Earthworm.jpg, id=2042, 963.6pt x 642.4pt>
File: resources/images/Earthworm.jpg Graphic file (type jpg)
<use resources/images/Earthworm.jpg>
Package pdftex.def Info: resources/images/Earthworm.jpg  used on input line 468
3.
(pdftex.def)             Requested size: 446.69328pt x 297.7915pt.


LaTeX Warning: Citation `earthwormImage' on page 124 undefined on input line 46
84.


LaTeX Warning: Citation `earthwormImage' on page 124 undefined on input line 46
84.


Underfull \vbox (badness 10000) has occurred while \output is active []



[124 <./resources/images/Earthworm.jpg>]

LaTeX Warning: Hyper reference `TRANSSEQATG' on page 125 undefined on input lin
e 4697.


LaTeX Warning: Reference `TRANSSEQATG' on page 125 undefined on input line 4697
.


LaTeX Warning: Hyper reference `TAB1' on page 125 undefined on input line 4699.



LaTeX Warning: Reference `TAB1' on page 125 undefined on input line 4699.


LaTeX Warning: Hyper reference `EQ4' on page 125 undefined on input line 4699.


LaTeX Warning: Reference `EQ4' on page 125 undefined on input line 4699.


Underfull \hbox (badness 10000) in paragraph at lines 4699--4700

 []


Underfull \hbox (badness 10000) in paragraph at lines 4703--4704

 []


LaTeX Warning: Hyper reference `TRANSSEQATG' on page 125 undefined on input lin
e 4715.


LaTeX Warning: Reference `TRANSSEQATG' on page 125 undefined on input line 4715
.


LaTeX Warning: Hyper reference `EQDNADIGSS' on page 125 undefined on input line
 4715.


LaTeX Warning: Reference `EQDNADIGSS' on page 125 undefined on input line 4715.



Underfull \hbox (badness 10000) in paragraph at lines 4715--4716

 []


Underfull \hbox (badness 10000) in paragraph at lines 4720--4721

 []


LaTeX Warning: Hyper reference `TRANSGENSEQHiFinelle' on page 125 undefined on 
input line 4722.


LaTeX Warning: Reference `TRANSGENSEQHiFinelle' on page 125 undefined on input 
line 4722.


LaTeX Warning: Hyper reference `ALGCOZINPLATOEXT' on page 125 undefined on inpu
t line 4722.


LaTeX Warning: Reference `ALGCOZINPLATOEXT' on page 125 undefined on input line
 4722.


Overfull \hbox (11.49992pt too wide) in paragraph at lines 4737--4738
 [] 
 []



[125]

LaTeX Warning: Hyper reference `FIGLGESMLLA' on page 126 undefined on input lin
e 4741.


LaTeX Warning: Reference `FIGLGESMLLA' on page 126 undefined on input line 4741
.



pdfTeX warning: pdflatex (file ./resources/pdfs/xLGES-PLATONIC-MLLA-landscape.p
df): PDF inclusion: found PDF version <1.7>, but at most version <1.5> allowed
<resources/pdfs/xLGES-PLATONIC-MLLA-landscape.pdf, id=2062, 500.83109pt x 1703.
40382pt>
File: resources/pdfs/xLGES-PLATONIC-MLLA-landscape.pdf Graphic file (type pdf)
<use resources/pdfs/xLGES-PLATONIC-MLLA-landscape.pdf>
Package pdftex.def Info: resources/pdfs/xLGES-PLATONIC-MLLA-landscape.pdf  used
 on input line 4746.
(pdftex.def)             Requested size: 193.01543pt x 656.46852pt.

Underfull \vbox (badness 10000) has occurred while \output is active []



[126]

[127 <./resources/pdfs/xLGES-PLATONIC-MLLA-landscape.pdf>]

[128

]
Chapter 11.

LaTeX Warning: Citation `transformatics' on page 129 undefined on input line 47
63.


LaTeX Warning: Hyper reference `SECFUTDIRECT' on page 129 undefined on input li
ne 4769.


LaTeX Warning: Reference `SECFUTDIRECT' on page 129 undefined on input line 476
9.


LaTeX Warning: Hyper reference `DEFSTARTCOD' on page 129 undefined on input lin
e 4773.


LaTeX Warning: Reference `DEFSTARTCOD' on page 129 undefined on input line 4773
.


LaTeX Warning: Hyper reference `DEFSTOPCOD' on page 129 undefined on input line
 4774.


LaTeX Warning: Reference `DEFSTOPCOD' on page 129 undefined on input line 4774.



LaTeX Warning: Hyper reference `DEFSEQCHAR' on page 129 undefined on input line
 4775.


LaTeX Warning: Reference `DEFSEQCHAR' on page 129 undefined on input line 4775.



LaTeX Warning: Hyper reference `DEFPOPCHAR' on page 129 undefined on input line
 4776.


LaTeX Warning: Reference `DEFPOPCHAR' on page 129 undefined on input line 4776.



LaTeX Warning: Hyper reference `DEFGENOMESEQ' on page 129 undefined on input li
ne 4777.


LaTeX Warning: Reference `DEFGENOMESEQ' on page 129 undefined on input line 477
7.


LaTeX Warning: Hyper reference `DEFRIBOSOME' on page 129 undefined on input lin
e 4778.


LaTeX Warning: Reference `DEFRIBOSOME' on page 129 undefined on input line 4778
.



[129]

LaTeX Warning: Hyper reference `THEOCOMPLEMENTS' on page 130 undefined on input
 line 4785.


LaTeX Warning: Reference `THEOCOMPLEMENTS' on page 130 undefined on input line 
4785.


LaTeX Warning: Hyper reference `THEOCOMPLOSSI' on page 130 undefined on input l
ine 4786.


LaTeX Warning: Reference `THEOCOMPLOSSI' on page 130 undefined on input line 47
86.


LaTeX Warning: Hyper reference `THEOCOMPEQUIV' on page 130 undefined on input l
ine 4787.


LaTeX Warning: Reference `THEOCOMPEQUIV' on page 130 undefined on input line 47
87.


LaTeX Warning: Hyper reference `LAW2' on page 130 undefined on input line 4793.



LaTeX Warning: Reference `LAW2' on page 130 undefined on input line 4793.


LaTeX Warning: Hyper reference `LAWGDL' on page 130 undefined on input line 479
4.


LaTeX Warning: Reference `LAWGDL' on page 130 undefined on input line 4794.


LaTeX Warning: Hyper reference `TRANSF3' on page 130 undefined on input line 48
00.


LaTeX Warning: Reference `TRANSF3' on page 130 undefined on input line 4800.


Overfull \hbox (41.85135pt too wide) in paragraph at lines 4800--4801
[]\OT1/cmr/m/n/14.4 The for-mal def-i-ni-tion of the \OT1/cmr/bx/n/14.4 Ri-bo-s
ome \OT1/cmr/m/n/14.4 as a \OT1/cmr/bx/n/14.4 Pro-tein Gen-er-a-tor \OT1/cmr/m/
n/14.4 (\OT1/cmr/bx/n/14.4 Transformer
 []


LaTeX Warning: Hyper reference `TRANSFSEQLOOKUP' on page 130 undefined on input
 line 4802.


LaTeX Warning: Reference `TRANSFSEQLOOKUP' on page 130 undefined on input line 
4802.


LaTeX Warning: Hyper reference `TRANSFRSG' on page 130 undefined on input line 
4803.


LaTeX Warning: Reference `TRANSFRSG' on page 130 undefined on input line 4803.


LaTeX Warning: Hyper reference `TRANSFDECTONASEQ' on page 130 undefined on inpu
t line 4804.


LaTeX Warning: Reference `TRANSFDECTONASEQ' on page 130 undefined on input line
 4804.


LaTeX Warning: Hyper reference `TRANSGENSEQ' on page 130 undefined on input lin
e 4813.


LaTeX Warning: Reference `TRANSGENSEQ' on page 130 undefined on input line 4813
.


LaTeX Warning: Hyper reference `TRANSGENSEQHiFinelle' on page 130 undefined on 
input line 4814.


LaTeX Warning: Reference `TRANSGENSEQHiFinelle' on page 130 undefined on input 
line 4814.



[130]

LaTeX Warning: Hyper reference `ALGCSA' on page 131 undefined on input line 482
0.


LaTeX Warning: Reference `ALGCSA' on page 131 undefined on input line 4820.


LaTeX Warning: Hyper reference `ALGtMCS' on page 131 undefined on input line 48
21.


LaTeX Warning: Reference `ALGtMCS' on page 131 undefined on input line 4821.


LaTeX Warning: Hyper reference `ALGLUSHUFFLEA' on page 131 undefined on input l
ine 4822.


LaTeX Warning: Reference `ALGLUSHUFFLEA' on page 131 undefined on input line 48
22.


Overfull \hbox (35.68661pt too wide) in paragraph at lines 4822--4823
[]\OT1/cmr/bx/n/14.4 Algorithm []\OT1/cmr/m/n/14.4 : The \OT1/cmr/bx/n/14.4 Fir
st Lu-Shuffle Al-go-rithm \OT1/cmr/m/n/14.4 (FLSA): $[](^^B\OML/cmm/m/it/14.4 ;
 k\OT1/cmr/m/n/14.4 )$. 
 []


LaTeX Warning: Hyper reference `ALGLUSHUFFLEB' on page 131 undefined on input l
ine 4823.


LaTeX Warning: Reference `ALGLUSHUFFLEB' on page 131 undefined on input line 48
23.


Overfull \hbox (50.80324pt too wide) in paragraph at lines 4823--4824
[]\OT1/cmr/bx/n/14.4 Algorithm []\OT1/cmr/m/n/14.4 : The \OT1/cmr/bx/n/14.4 Sec
-ond Lu-Shuffle Al-go-rithm \OT1/cmr/m/n/14.4 (SLSA): $[](^^B\OML/cmm/m/it/14.4
 ; k\OT1/cmr/m/n/14.4 )$. 
 []


LaTeX Warning: Hyper reference `ALGCOZIN' on page 131 undefined on input line 4
824.


LaTeX Warning: Reference `ALGCOZIN' on page 131 undefined on input line 4824.


LaTeX Warning: Hyper reference `ALGCOZINPLATO' on page 131 undefined on input l
ine 4825.


LaTeX Warning: Reference `ALGCOZINPLATO' on page 131 undefined on input line 48
25.


LaTeX Warning: Hyper reference `ALGCOZINPLATOEXT' on page 131 undefined on inpu
t line 4826.


LaTeX Warning: Reference `ALGCOZINPLATOEXT' on page 131 undefined on input line
 4826.


LaTeX Warning: Hyper reference `ALGCOZINPLATO_ORIG' on page 131 undefined on in
put line 4828.


LaTeX Warning: Reference `ALGCOZINPLATO_ORIG' on page 131 undefined on input li
ne 4828.


LaTeX Warning: Hyper reference `TABFAN' on page 131 undefined on input line 483
1.


LaTeX Warning: Reference `TABFAN' on page 131 undefined on input line 4831.


LaTeX Warning: Hyper reference `TABSSLAPERK' on page 131 undefined on input lin
e 4832.


LaTeX Warning: Reference `TABSSLAPERK' on page 131 undefined on input line 4832
.


LaTeX Warning: Hyper reference `TABFSLAPERK' on page 131 undefined on input lin
e 4832.


LaTeX Warning: Reference `TABFSLAPERK' on page 131 undefined on input line 4832
.


LaTeX Warning: Hyper reference `FIGOZIN' on page 131 undefined on input line 48
36.


LaTeX Warning: Reference `FIGOZIN' on page 131 undefined on input line 4836.


LaTeX Warning: Hyper reference `FIGPLATONICCIPH' on page 131 undefined on input
 line 4837.


LaTeX Warning: Reference `FIGPLATONICCIPH' on page 131 undefined on input line 
4837.


LaTeX Warning: Hyper reference `SEC3COREPROB' on page 131 undefined on input li
ne 4841.


LaTeX Warning: Reference `SEC3COREPROB' on page 131 undefined on input line 484
1.


LaTeX Warning: Hyper reference `SECMATHSEQ' on page 131 undefined on input line
 4841.


LaTeX Warning: Reference `SECMATHSEQ' on page 131 undefined on input line 4841.



LaTeX Warning: Citation `cli_tttt' on page 131 undefined on input line 4843.


LaTeX Warning: Hyper reference `SECFANAL' on page 131 undefined on input line 4
843.


LaTeX Warning: Reference `SECFANAL' on page 131 undefined on input line 4843.


LaTeX Warning: Hyper reference `SECRSG' on page 131 undefined on input line 484
3.


LaTeX Warning: Reference `SECRSG' on page 131 undefined on input line 4843.


LaTeX Warning: Hyper reference `LST_FLSA' on page 131 undefined on input line 4
846.


LaTeX Warning: Reference `LST_FLSA' on page 131 undefined on input line 4846.


LaTeX Warning: Hyper reference `LST_SLSA' on page 131 undefined on input line 4
847.


LaTeX Warning: Reference `LST_SLSA' on page 131 undefined on input line 4847.



[131]

LaTeX Warning: Hyper reference `LST_USYMBOLSET' on page 132 undefined on input 
line 4848.


LaTeX Warning: Reference `LST_USYMBOLSET' on page 132 undefined on input line 4
848.


LaTeX Warning: Hyper reference `LST_PROTRACT' on page 132 undefined on input li
ne 4849.


LaTeX Warning: Reference `LST_PROTRACT' on page 132 undefined on input line 484
9.


LaTeX Warning: Hyper reference `LST_RNG' on page 132 undefined on input line 48
50.


LaTeX Warning: Reference `LST_RNG' on page 132 undefined on input line 4850.


LaTeX Warning: Hyper reference `LST_SHUFFLE' on page 132 undefined on input lin
e 4851.


LaTeX Warning: Reference `LST_SHUFFLE' on page 132 undefined on input line 4851
.


LaTeX Warning: Hyper reference `LST_SELECT' on page 132 undefined on input line
 4852.


LaTeX Warning: Reference `LST_SELECT' on page 132 undefined on input line 4852.



LaTeX Warning: Hyper reference `LST_RSG' on page 132 undefined on input line 48
53.


LaTeX Warning: Reference `LST_RSG' on page 132 undefined on input line 4853.


Overfull \hbox (8.75777pt too wide) in paragraph at lines 4864--4865
\OT1/cmr/m/n/14.4 many work-ing def-i-ni-tions of im-por-tant fun-da-men-tal co
n-cepts (from a transformatic-
 []



[132]

LaTeX Warning: Citation `Lutalo2024gtnc' on page 133 undefined on input line 48
78.


LaTeX Warning: Citation `lutalo_2025_sop' on page 133 undefined on input line 4
878.


LaTeX Warning: Citation `lnspaper' on page 133 undefined on input line 4878.



[133]

LaTeX Warning: Hyper reference `SECSYMBOLSETSNGRAMS' on page 134 undefined on i
nput line 4887.


LaTeX Warning: Reference `SECSYMBOLSETSNGRAMS' on page 134 undefined on input l
ine 4887.


LaTeX Warning: Hyper reference `SECFANAL' on page 134 undefined on input line 4
889.


LaTeX Warning: Reference `SECFANAL' on page 134 undefined on input line 4889.


LaTeX Warning: Hyper reference `SECSEQSTORAGE' on page 134 undefined on input l
ine 4891.


LaTeX Warning: Reference `SECSEQSTORAGE' on page 134 undefined on input line 48
91.



[134]

LaTeX Warning: Hyper reference `SECRNGFUNC' on page 135 undefined on input line
 4893.


LaTeX Warning: Reference `SECRNGFUNC' on page 135 undefined on input line 4893.



LaTeX Warning: Hyper reference `SECPROT' on page 135 undefined on input line 48
95.


LaTeX Warning: Reference `SECPROT' on page 135 undefined on input line 4895.


LaTeX Warning: Hyper reference `SECPROT' on page 135 undefined on input line 48
97.


LaTeX Warning: Reference `SECPROT' on page 135 undefined on input line 4897.


LaTeX Warning: Hyper reference `SECFUTDIRECT' on page 135 undefined on input li
ne 4897.


LaTeX Warning: Reference `SECFUTDIRECT' on page 135 undefined on input line 489
7.



[135]

LaTeX Warning: Hyper reference `SEC5' on page 136 undefined on input line 4899.



LaTeX Warning: Reference `SEC5' on page 136 undefined on input line 4899.


LaTeX Warning: Hyper reference `TRANSF2' on page 136 undefined on input line 48
99.


LaTeX Warning: Reference `TRANSF2' on page 136 undefined on input line 4899.


LaTeX Warning: Hyper reference `SECFULLGES' on page 136 undefined on input line
 4902.


LaTeX Warning: Reference `SECFULLGES' on page 136 undefined on input line 4902.



LaTeX Warning: Hyper reference `SECMATHSEQ' on page 136 undefined on input line
 4905.


LaTeX Warning: Reference `SECMATHSEQ' on page 136 undefined on input line 4905.




[136]

[137]

[138

]
Appendix A.

LaTeX Warning: Citation `copilot_dna_assistant' on page 139 undefined on input 
line 4921.


LaTeX Warning: Citation `alberts2002molecular' on page 139 undefined on input l
ine 4929.


LaTeX Warning: Command \textendash invalid in math mode on input line 4933.


LaTeX Warning: Citation `bird2007perceptions' on page 139 undefined on input li
ne 4939.


LaTeX Warning: Citation `friedberg2006dna' on page 139 undefined on input line 
4949.



[139]

LaTeX Warning: Citation `gilbert2010developmental' on page 140 undefined on inp
ut line 4960.


LaTeX Warning: Citation `king1975noncoding' on page 140 undefined on input line
 4973.


LaTeX Warning: Citation `jacob1977evolution' on page 140 undefined on input lin
e 4983.



[140]
Appendix B.


pdfTeX warning: pdflatex (file ./resources/pdfs/ozin_gene_expressions.pdf): PDF
 inclusion: found PDF version <1.7>, but at most version <1.5> allowed
<resources/pdfs/ozin_gene_expressions.pdf, id=2228, 596.98032pt x 844.65562pt>
File: resources/pdfs/ozin_gene_expressions.pdf Graphic file (type pdf)
<use resources/pdfs/ozin_gene_expressions.pdf>
Package pdftex.def Info: resources/pdfs/ozin_gene_expressions.pdf  used on inpu
t line 5000.
(pdftex.def)             Requested size: 446.69328pt x 487.2487pt.

Underfull \vbox (badness 10000) has occurred while \output is active []



[141

]
Overfull \vbox (28.67203pt too high) has occurred while \output is active []



[142 <./resources/pdfs/ozin_gene_expressions.pdf>]

LaTeX Warning: Citation `lutalo_2025_ozin' on page 143 undefined on input line 
5007.


LaTeX Warning: Hyper reference `SECOZIN' on page 143 undefined on input line 50
07.


LaTeX Warning: Reference `SECOZIN' on page 143 undefined on input line 5007.


LaTeX Warning: Citation `lutalo_2025_ogf' on page 143 undefined on input line 5
007.

<resources/pdfs/ozin.pdf, id=2251, 614.295pt x 794.97pt>
File: resources/pdfs/ozin.pdf Graphic file (type pdf)
<use resources/pdfs/ozin.pdf>
Package pdftex.def Info: resources/pdfs/ozin.pdf  used on input line 5012.
(pdftex.def)             Requested size: 446.69328pt x 536.69916pt.

Underfull \vbox (badness 10000) has occurred while \output is active []



[143]

LaTeX Warning: Hyper reference `FIGCODEOZIN' on page 144 undefined on input lin
e 5018.


LaTeX Warning: Reference `FIGCODEOZIN' on page 144 undefined on input line 5018
.


LaTeX Warning: Hyper reference `FIGCODEOZINART' on page 144 undefined on input 
line 5018.


LaTeX Warning: Reference `FIGCODEOZINART' on page 144 undefined on input line 5
018.


LaTeX Warning: Hyper reference `FIGCODEOZINNOTES' on page 144 undefined on inpu
t line 5018.


LaTeX Warning: Reference `FIGCODEOZINNOTES' on page 144 undefined on input line
 5018.


LaTeX Warning: Hyper reference `FIGCODEOZINNOTES' on page 144 undefined on inpu
t line 5018.


LaTeX Warning: Reference `FIGCODEOZINNOTES' on page 144 undefined on input line
 5018.



[144 <./resources/pdfs/ozin.pdf>]

pdfTeX warning: pdflatex (file ./resources/pdfs/ozin_applied.pdf): PDF inclusio
n: found PDF version <1.7>, but at most version <1.5> allowed
<resources/pdfs/ozin_applied.pdf, id=2277, 596.98032pt x 844.65562pt>
File: resources/pdfs/ozin_applied.pdf Graphic file (type pdf)
<use resources/pdfs/ozin_applied.pdf>
Package pdftex.def Info: resources/pdfs/ozin_applied.pdf  used on input line 50
24.
(pdftex.def)             Requested size: 446.69328pt x 632.02089pt.


[145 <./resources/pdfs/ozin_applied.pdf>]

[146

]
Appendix C.

Package hyperref Warning: Token not allowed in a PDF string (Unicode):
(hyperref)                removing `math shift' on input line 5030.


Package hyperref Warning: Token not allowed in a PDF string (Unicode):
(hyperref)                removing `\setbox' on input line 5030.


Package hyperref Warning: Token not allowed in a PDF string (Unicode):
(hyperref)                removing `\@tempboxa' on input line 5030.


Package hyperref Warning: Token not allowed in a PDF string (Unicode):
(hyperref)                removing `\hbox' on input line 5030.


Package hyperref Warning: Token not allowed in a PDF string (Unicode):
(hyperref)                removing `\color@begingroup' on input line 5030.


Package hyperref Warning: Token not allowed in a PDF string (Unicode):
(hyperref)                \kern 3.0pt
(hyperref)                removed on input line 5030.


Package hyperref Warning: Token not allowed in a PDF string (Unicode):
(hyperref)                removing `\mathsurround' on input line 5030.


Package hyperref Warning: Token not allowed in a PDF string (Unicode):
(hyperref)                removing `\z@' on input line 5030.


Package hyperref Warning: Token not allowed in a PDF string (Unicode):
(hyperref)                removing `math shift' on input line 5030.


Package hyperref Warning: Token not allowed in a PDF string (Unicode):
(hyperref)                removing `\displaystyle' on input line 5030.


Package hyperref Warning: Token not allowed in a PDF string (Unicode):
(hyperref)                removing `\psi' on input line 5030.


Package hyperref Warning: Token not allowed in a PDF string (Unicode):
(hyperref)                removing `subscript' on input line 5030.


Package hyperref Warning: Token not allowed in a PDF string (Unicode):
(hyperref)                removing `\Omega' on input line 5030.


Package hyperref Warning: Token not allowed in a PDF string (Unicode):
(hyperref)                removing `math shift' on input line 5030.


Package hyperref Warning: Token not allowed in a PDF string (Unicode):
(hyperref)                \kern 3.0pt
(hyperref)                removed on input line 5030.


Package hyperref Warning: Token not allowed in a PDF string (Unicode):
(hyperref)                removing `\endgraf' on input line 5030.


Package hyperref Warning: Token not allowed in a PDF string (Unicode):
(hyperref)                removing `\endgroup' on input line 5030.


Package hyperref Warning: Token not allowed in a PDF string (Unicode):
(hyperref)                removing `\hbox' on input line 5030.


Package hyperref Warning: Token not allowed in a PDF string (Unicode):
(hyperref)                removing `\@tempdima' on input line 5030.


Package hyperref Warning: Token not allowed in a PDF string (Unicode):
(hyperref)                removing `\fboxrule' on input line 5030.


Package hyperref Warning: Token not allowed in a PDF string (Unicode):
(hyperref)                removing `\advance' on input line 5030.


Package hyperref Warning: Token not allowed in a PDF string (Unicode):
(hyperref)                removing `\@tempdima' on input line 5030.


Package hyperref Warning: Token not allowed in a PDF string (Unicode):
(hyperref)                removing `\fboxsep' on input line 5030.


Package hyperref Warning: Token not allowed in a PDF string (Unicode):
(hyperref)                removing `\advance' on input line 5030.


Package hyperref Warning: Token not allowed in a PDF string (Unicode):
(hyperref)                removing `\@tempdima' on input line 5030.


Package hyperref Warning: Token not allowed in a PDF string (Unicode):
(hyperref)                removing `\dp' on input line 5030.


Package hyperref Warning: Token not allowed in a PDF string (Unicode):
(hyperref)                removing `\@tempboxa' on input line 5030.


Package hyperref Warning: Token not allowed in a PDF string (Unicode):
(hyperref)                removing `\setbox' on input line 5030.


Package hyperref Warning: Token not allowed in a PDF string (Unicode):
(hyperref)                removing `\@tempboxa' on input line 5030.


Package hyperref Warning: Token not allowed in a PDF string (Unicode):
(hyperref)                removing `\hbox' on input line 5030.


Package hyperref Warning: Token not allowed in a PDF string (Unicode):
(hyperref)                removing `\lower' on input line 5030.


Package hyperref Warning: Token not allowed in a PDF string (Unicode):
(hyperref)                removing `\@tempdima' on input line 5030.


Package hyperref Warning: Token not allowed in a PDF string (Unicode):
(hyperref)                removing `\hbox' on input line 5030.


Package hyperref Warning: Token not allowed in a PDF string (Unicode):
(hyperref)                removing `\vbox' on input line 5030.


Package hyperref Warning: Token not allowed in a PDF string (Unicode):
(hyperref)                \kern 0.4pt
(hyperref)                removed on input line 5030.


Package hyperref Warning: Token not allowed in a PDF string (Unicode):
(hyperref)                removing `\hbox' on input line 5030.


Package hyperref Warning: Token not allowed in a PDF string (Unicode):
(hyperref)                \kern 0.4pt
(hyperref)                removed on input line 5030.


Package hyperref Warning: Token not allowed in a PDF string (Unicode):
(hyperref)                removing `\vbox' on input line 5030.


Package hyperref Warning: Token not allowed in a PDF string (Unicode):
(hyperref)                \kern 3.0pt
(hyperref)                removed on input line 5030.


Package hyperref Warning: Token not allowed in a PDF string (Unicode):
(hyperref)                removing `\box' on input line 5030.


Package hyperref Warning: Token not allowed in a PDF string (Unicode):
(hyperref)                removing `\@tempboxa' on input line 5030.


Package hyperref Warning: Token not allowed in a PDF string (Unicode):
(hyperref)                \kern 3.0pt
(hyperref)                removed on input line 5030.


Package hyperref Warning: Token not allowed in a PDF string (Unicode):
(hyperref)                \kern 0.4pt
(hyperref)                removed on input line 5030.


Package hyperref Warning: Token not allowed in a PDF string (Unicode):
(hyperref)                \kern 0.4pt
(hyperref)                removed on input line 5030.


Package hyperref Warning: Token not allowed in a PDF string (Unicode):
(hyperref)                removing `\@tempdima' on input line 5030.


Package hyperref Warning: Token not allowed in a PDF string (Unicode):
(hyperref)                removing `\wd' on input line 5030.


Package hyperref Warning: Token not allowed in a PDF string (Unicode):
(hyperref)                removing `\@tempboxa' on input line 5030.


Package hyperref Warning: Token not allowed in a PDF string (Unicode):
(hyperref)                removing `\<def>-command' on input line 5030.


Package hyperref Warning: Token not allowed in a PDF string (Unicode):
(hyperref)                removing `\@tempa' on input line 5030.


Package hyperref Warning: Token not allowed in a PDF string (Unicode):
(hyperref)                removing `\box' on input line 5030.


Package hyperref Warning: Token not allowed in a PDF string (Unicode):
(hyperref)                removing `\@tempboxa' on input line 5030.


Package hyperref Warning: Token not allowed in a PDF string (Unicode):
(hyperref)                \kern -12.0pt
(hyperref)                removed on input line 5030.


Package hyperref Warning: Token not allowed in a PDF string (Unicode):
(hyperref)                removing `\hbox' on input line 5030.


Package hyperref Warning: Token not allowed in a PDF string (Unicode):
(hyperref)                removing `\dimen@' on input line 5030.


Package hyperref Warning: Token not allowed in a PDF string (Unicode):
(hyperref)                removing `\hfil' on input line 5030.


Package hyperref Warning: Token not allowed in a PDF string (Unicode):
(hyperref)                removing `\advance' on input line 5030.


Package hyperref Warning: Token not allowed in a PDF string (Unicode):
(hyperref)                removing `\dimen@' on input line 5030.


Package hyperref Warning: Token not allowed in a PDF string (Unicode):
(hyperref)                removing `\lower' on input line 5030.


Package hyperref Warning: Token not allowed in a PDF string (Unicode):
(hyperref)                removing `\vbox' on input line 5030.


Package hyperref Warning: Token not allowed in a PDF string (Unicode):
(hyperref)                removing `\hrule' on input line 5030.


Package hyperref Warning: Token not allowed in a PDF string (Unicode):
(hyperref)                removing `\fboxrule' on input line 5030.


Package hyperref Warning: Token not allowed in a PDF string (Unicode):
(hyperref)                removing `\@tempdima' on input line 5030.


Package hyperref Warning: Token not allowed in a PDF string (Unicode):
(hyperref)                removing `\fboxrule' on input line 5030.


Package hyperref Warning: Token not allowed in a PDF string (Unicode):
(hyperref)                \kern 12.0pt
(hyperref)                replaced by space on input line 5030.


Package hyperref Warning: Token not allowed in a PDF string (Unicode):
(hyperref)                removing `\hbox' on input line 5030.


Package hyperref Warning: Token not allowed in a PDF string (Unicode):
(hyperref)                removing `\advance' on input line 5030.


Package hyperref Warning: Token not allowed in a PDF string (Unicode):
(hyperref)                removing `\dimen@' on input line 5030.


Package hyperref Warning: Token not allowed in a PDF string (Unicode):
(hyperref)                removing `\fboxrule' on input line 5030.


Package hyperref Warning: Token not allowed in a PDF string (Unicode):
(hyperref)                removing `\vrule' on input line 5030.


Package hyperref Warning: Token not allowed in a PDF string (Unicode):
(hyperref)                removing `\fboxrule' on input line 5030.


Package hyperref Warning: Token not allowed in a PDF string (Unicode):
(hyperref)                removing `\dimen@' on input line 5030.


Package hyperref Warning: Token not allowed in a PDF string (Unicode):
(hyperref)                removing `\z@' on input line 5030.


Package hyperref Warning: Token not allowed in a PDF string (Unicode):
(hyperref)                removing `\@tempdima' on input line 5030.


Package hyperref Warning: Token not allowed in a PDF string (Unicode):
(hyperref)                removing `math shift' on input line 5030.


Package hyperref Warning: Token not allowed in a PDF string (Unicode):
(hyperref)                removing `\advance' on input line 5030.


Package hyperref Warning: Token not allowed in a PDF string (Unicode):
(hyperref)                removing `\@tempdima' on input line 5030.


Package hyperref Warning: Token not allowed in a PDF string (Unicode):
(hyperref)                removing `\tw@' on input line 5030.


Package hyperref Warning: Token not allowed in a PDF string (Unicode):
(hyperref)                removing `\fboxrule' on input line 5030.


Package hyperref Warning: Token not allowed in a PDF string (Unicode):
(hyperref)                \kern 12.0pt
(hyperref)                replaced by space on input line 5030.


Package hyperref Warning: Token not allowed in a PDF string (Unicode):
(hyperref)                removing `\vrule' on input line 5030.


Package hyperref Warning: Token not allowed in a PDF string (Unicode):
(hyperref)                removing `\fboxrule' on input line 5030.


Package hyperref Warning: Token not allowed in a PDF string (Unicode):
(hyperref)                removing `\dimen@' on input line 5030.


Package hyperref Warning: Token not allowed in a PDF string (Unicode):
(hyperref)                removing `\z@' on input line 5030.


Package hyperref Warning: Token not allowed in a PDF string (Unicode):
(hyperref)                \kern -0.2pt
(hyperref)                removed on input line 5030.


Package hyperref Warning: Token not allowed in a PDF string (Unicode):
(hyperref)                removing `\hrule' on input line 5030.


Package hyperref Warning: Token not allowed in a PDF string (Unicode):
(hyperref)                removing `\fboxrule' on input line 5030.


Package hyperref Warning: Token not allowed in a PDF string (Unicode):
(hyperref)                removing `\hfill' on input line 5030.


Package hyperref Warning: Token not allowed in a PDF string (Unicode):
(hyperref)                removing `\box' on input line 5030.


Package hyperref Warning: Token not allowed in a PDF string (Unicode):
(hyperref)                removing `\z@' on input line 5030.


Package hyperref Warning: Token not allowed in a PDF string (Unicode):
(hyperref)                removing `\box' on input line 5030.


Package hyperref Warning: Token not allowed in a PDF string (Unicode):
(hyperref)                removing `\tw@' on input line 5030.


Package hyperref Warning: Token not allowed in a PDF string (Unicode):
(hyperref)                removing `subscript' on input line 5030.


Package hyperref Warning: Token not allowed in a PDF string (Unicode):
(hyperref)                removing `math shift' on input line 5030.


Package hyperref Warning: Token not allowed in a PDF string (Unicode):
(hyperref)                removing `math shift' on input line 5030.


Package hyperref Warning: Token not allowed in a PDF string (Unicode):
(hyperref)                removing `\Theta' on input line 5030.


Package hyperref Warning: Token not allowed in a PDF string (Unicode):
(hyperref)                removing `math shift' on input line 5030.


Package hyperref Warning: Token not allowed in a PDF string (Unicode):
(hyperref)                removing `math shift' on input line 5030.


Package hyperref Warning: Token not allowed in a PDF string (Unicode):
(hyperref)                removing `math shift' on input line 5030.


Underfull \hbox (badness 10000) in paragraph at lines 5041--5042

 []


LaTeX Warning: Hyper reference `APPSLSA' on page 147 undefined on input line 50
43.


LaTeX Warning: Reference `APPSLSA' on page 147 undefined on input line 5043.


LaTeX Warning: Hyper reference `SECAPPLYSLSA' on page 147 undefined on input li
ne 5043.


LaTeX Warning: Reference `SECAPPLYSLSA' on page 147 undefined on input line 504
3.


Underfull \hbox (badness 10000) in paragraph at lines 5043--5044

 []


Underfull \hbox (badness 10000) in paragraph at lines 5047--5049

 []


LaTeX Warning: Hyper reference `LST_SLSA' on page 147 undefined on input line 5
051.


LaTeX Warning: Reference `LST_SLSA' on page 147 undefined on input line 5051.


LaTeX Warning: Hyper reference `FIGTRACESLSA' on page 147 undefined on input li
ne 5053.


LaTeX Warning: Reference `FIGTRACESLSA' on page 147 undefined on input line 505
3.


LaTeX Warning: Hyper reference `LST_SLSA' on page 147 undefined on input line 5
053.


LaTeX Warning: Reference `LST_SLSA' on page 147 undefined on input line 5053.



[147]

LaTeX Warning: Hyper reference `FIGTRACESLSA' on page 148 undefined on input li
ne 5056.


LaTeX Warning: Reference `FIGTRACESLSA' on page 148 undefined on input line 505
6.


Underfull \hbox (badness 10000) in paragraph at lines 5056--5057

 []


Underfull \hbox (badness 10000) in paragraph at lines 5097--5098

 []


Underfull \vbox (badness 10000) has occurred while \output is active []



[148]

Package hyperref Warning: Difference (2) between bookmark levels is greater 
(hyperref)                than one, level fixed on input line 5141.


Package hyperref Warning: Token not allowed in a PDF string (Unicode):
(hyperref)                removing `math shift' on input line 5141.


Package hyperref Warning: Token not allowed in a PDF string (Unicode):
(hyperref)                removing `\setbox' on input line 5141.


Package hyperref Warning: Token not allowed in a PDF string (Unicode):
(hyperref)                removing `\@tempboxa' on input line 5141.


Package hyperref Warning: Token not allowed in a PDF string (Unicode):
(hyperref)                removing `\hbox' on input line 5141.


Package hyperref Warning: Token not allowed in a PDF string (Unicode):
(hyperref)                removing `\color@begingroup' on input line 5141.


Package hyperref Warning: Token not allowed in a PDF string (Unicode):
(hyperref)                \kern 3.0pt
(hyperref)                removed on input line 5141.


Package hyperref Warning: Token not allowed in a PDF string (Unicode):
(hyperref)                removing `\mathsurround' on input line 5141.


Package hyperref Warning: Token not allowed in a PDF string (Unicode):
(hyperref)                removing `\z@' on input line 5141.


Package hyperref Warning: Token not allowed in a PDF string (Unicode):
(hyperref)                removing `math shift' on input line 5141.


Package hyperref Warning: Token not allowed in a PDF string (Unicode):
(hyperref)                removing `\displaystyle' on input line 5141.


Package hyperref Warning: Token not allowed in a PDF string (Unicode):
(hyperref)                removing `\omega' on input line 5141.


Package hyperref Warning: Token not allowed in a PDF string (Unicode):
(hyperref)                removing `subscript' on input line 5141.


Package hyperref Warning: Token not allowed in a PDF string (Unicode):
(hyperref)                removing `superscript' on input line 5141.


Package hyperref Warning: Token not allowed in a PDF string (Unicode):
(hyperref)                removing `math shift' on input line 5141.


Package hyperref Warning: Token not allowed in a PDF string (Unicode):
(hyperref)                \kern 3.0pt
(hyperref)                removed on input line 5141.


Package hyperref Warning: Token not allowed in a PDF string (Unicode):
(hyperref)                removing `\endgraf' on input line 5141.


Package hyperref Warning: Token not allowed in a PDF string (Unicode):
(hyperref)                removing `\endgroup' on input line 5141.


Package hyperref Warning: Token not allowed in a PDF string (Unicode):
(hyperref)                removing `\hbox' on input line 5141.


Package hyperref Warning: Token not allowed in a PDF string (Unicode):
(hyperref)                removing `\@tempdima' on input line 5141.


Package hyperref Warning: Token not allowed in a PDF string (Unicode):
(hyperref)                removing `\fboxrule' on input line 5141.


Package hyperref Warning: Token not allowed in a PDF string (Unicode):
(hyperref)                removing `\advance' on input line 5141.


Package hyperref Warning: Token not allowed in a PDF string (Unicode):
(hyperref)                removing `\@tempdima' on input line 5141.


Package hyperref Warning: Token not allowed in a PDF string (Unicode):
(hyperref)                removing `\fboxsep' on input line 5141.


Package hyperref Warning: Token not allowed in a PDF string (Unicode):
(hyperref)                removing `\advance' on input line 5141.


Package hyperref Warning: Token not allowed in a PDF string (Unicode):
(hyperref)                removing `\@tempdima' on input line 5141.


Package hyperref Warning: Token not allowed in a PDF string (Unicode):
(hyperref)                removing `\dp' on input line 5141.


Package hyperref Warning: Token not allowed in a PDF string (Unicode):
(hyperref)                removing `\@tempboxa' on input line 5141.


Package hyperref Warning: Token not allowed in a PDF string (Unicode):
(hyperref)                removing `\setbox' on input line 5141.


Package hyperref Warning: Token not allowed in a PDF string (Unicode):
(hyperref)                removing `\@tempboxa' on input line 5141.


Package hyperref Warning: Token not allowed in a PDF string (Unicode):
(hyperref)                removing `\hbox' on input line 5141.


Package hyperref Warning: Token not allowed in a PDF string (Unicode):
(hyperref)                removing `\lower' on input line 5141.


Package hyperref Warning: Token not allowed in a PDF string (Unicode):
(hyperref)                removing `\@tempdima' on input line 5141.


Package hyperref Warning: Token not allowed in a PDF string (Unicode):
(hyperref)                removing `\hbox' on input line 5141.


Package hyperref Warning: Token not allowed in a PDF string (Unicode):
(hyperref)                removing `\vbox' on input line 5141.


Package hyperref Warning: Token not allowed in a PDF string (Unicode):
(hyperref)                \kern 0.4pt
(hyperref)                removed on input line 5141.


Package hyperref Warning: Token not allowed in a PDF string (Unicode):
(hyperref)                removing `\hbox' on input line 5141.


Package hyperref Warning: Token not allowed in a PDF string (Unicode):
(hyperref)                \kern 0.4pt
(hyperref)                removed on input line 5141.


Package hyperref Warning: Token not allowed in a PDF string (Unicode):
(hyperref)                removing `\vbox' on input line 5141.


Package hyperref Warning: Token not allowed in a PDF string (Unicode):
(hyperref)                \kern 3.0pt
(hyperref)                removed on input line 5141.


Package hyperref Warning: Token not allowed in a PDF string (Unicode):
(hyperref)                removing `\box' on input line 5141.


Package hyperref Warning: Token not allowed in a PDF string (Unicode):
(hyperref)                removing `\@tempboxa' on input line 5141.


Package hyperref Warning: Token not allowed in a PDF string (Unicode):
(hyperref)                \kern 3.0pt
(hyperref)                removed on input line 5141.


Package hyperref Warning: Token not allowed in a PDF string (Unicode):
(hyperref)                \kern 0.4pt
(hyperref)                removed on input line 5141.


Package hyperref Warning: Token not allowed in a PDF string (Unicode):
(hyperref)                \kern 0.4pt
(hyperref)                removed on input line 5141.


Package hyperref Warning: Token not allowed in a PDF string (Unicode):
(hyperref)                removing `\@tempdima' on input line 5141.


Package hyperref Warning: Token not allowed in a PDF string (Unicode):
(hyperref)                removing `\wd' on input line 5141.


Package hyperref Warning: Token not allowed in a PDF string (Unicode):
(hyperref)                removing `\@tempboxa' on input line 5141.


Package hyperref Warning: Token not allowed in a PDF string (Unicode):
(hyperref)                removing `\<def>-command' on input line 5141.


Package hyperref Warning: Token not allowed in a PDF string (Unicode):
(hyperref)                removing `\@tempa' on input line 5141.


Package hyperref Warning: Token not allowed in a PDF string (Unicode):
(hyperref)                removing `\box' on input line 5141.


Package hyperref Warning: Token not allowed in a PDF string (Unicode):
(hyperref)                removing `\@tempboxa' on input line 5141.


Package hyperref Warning: Token not allowed in a PDF string (Unicode):
(hyperref)                \kern -12.0pt
(hyperref)                removed on input line 5141.


Package hyperref Warning: Token not allowed in a PDF string (Unicode):
(hyperref)                removing `\hbox' on input line 5141.


Package hyperref Warning: Token not allowed in a PDF string (Unicode):
(hyperref)                removing `\dimen@' on input line 5141.


Package hyperref Warning: Token not allowed in a PDF string (Unicode):
(hyperref)                removing `\hfil' on input line 5141.


Package hyperref Warning: Token not allowed in a PDF string (Unicode):
(hyperref)                removing `\advance' on input line 5141.


Package hyperref Warning: Token not allowed in a PDF string (Unicode):
(hyperref)                removing `\dimen@' on input line 5141.


Package hyperref Warning: Token not allowed in a PDF string (Unicode):
(hyperref)                removing `\lower' on input line 5141.


Package hyperref Warning: Token not allowed in a PDF string (Unicode):
(hyperref)                removing `\vbox' on input line 5141.


Package hyperref Warning: Token not allowed in a PDF string (Unicode):
(hyperref)                removing `\hrule' on input line 5141.


Package hyperref Warning: Token not allowed in a PDF string (Unicode):
(hyperref)                removing `\fboxrule' on input line 5141.


Package hyperref Warning: Token not allowed in a PDF string (Unicode):
(hyperref)                removing `\@tempdima' on input line 5141.


Package hyperref Warning: Token not allowed in a PDF string (Unicode):
(hyperref)                removing `\fboxrule' on input line 5141.


Package hyperref Warning: Token not allowed in a PDF string (Unicode):
(hyperref)                \kern 12.0pt
(hyperref)                replaced by space on input line 5141.


Package hyperref Warning: Token not allowed in a PDF string (Unicode):
(hyperref)                removing `\hbox' on input line 5141.


Package hyperref Warning: Token not allowed in a PDF string (Unicode):
(hyperref)                removing `\advance' on input line 5141.


Package hyperref Warning: Token not allowed in a PDF string (Unicode):
(hyperref)                removing `\dimen@' on input line 5141.


Package hyperref Warning: Token not allowed in a PDF string (Unicode):
(hyperref)                removing `\fboxrule' on input line 5141.


Package hyperref Warning: Token not allowed in a PDF string (Unicode):
(hyperref)                removing `\vrule' on input line 5141.


Package hyperref Warning: Token not allowed in a PDF string (Unicode):
(hyperref)                removing `\fboxrule' on input line 5141.


Package hyperref Warning: Token not allowed in a PDF string (Unicode):
(hyperref)                removing `\dimen@' on input line 5141.


Package hyperref Warning: Token not allowed in a PDF string (Unicode):
(hyperref)                removing `\z@' on input line 5141.


Package hyperref Warning: Token not allowed in a PDF string (Unicode):
(hyperref)                removing `\@tempdima' on input line 5141.


Package hyperref Warning: Token not allowed in a PDF string (Unicode):
(hyperref)                removing `math shift' on input line 5141.


Package hyperref Warning: Token not allowed in a PDF string (Unicode):
(hyperref)                removing `\advance' on input line 5141.


Package hyperref Warning: Token not allowed in a PDF string (Unicode):
(hyperref)                removing `\@tempdima' on input line 5141.


Package hyperref Warning: Token not allowed in a PDF string (Unicode):
(hyperref)                removing `\tw@' on input line 5141.


Package hyperref Warning: Token not allowed in a PDF string (Unicode):
(hyperref)                removing `\fboxrule' on input line 5141.


Package hyperref Warning: Token not allowed in a PDF string (Unicode):
(hyperref)                \kern 12.0pt
(hyperref)                replaced by space on input line 5141.


Package hyperref Warning: Token not allowed in a PDF string (Unicode):
(hyperref)                removing `\vrule' on input line 5141.


Package hyperref Warning: Token not allowed in a PDF string (Unicode):
(hyperref)                removing `\fboxrule' on input line 5141.


Package hyperref Warning: Token not allowed in a PDF string (Unicode):
(hyperref)                removing `\dimen@' on input line 5141.


Package hyperref Warning: Token not allowed in a PDF string (Unicode):
(hyperref)                removing `\z@' on input line 5141.


Package hyperref Warning: Token not allowed in a PDF string (Unicode):
(hyperref)                \kern -0.2pt
(hyperref)                removed on input line 5141.


Package hyperref Warning: Token not allowed in a PDF string (Unicode):
(hyperref)                removing `\hrule' on input line 5141.


Package hyperref Warning: Token not allowed in a PDF string (Unicode):
(hyperref)                removing `\fboxrule' on input line 5141.


Package hyperref Warning: Token not allowed in a PDF string (Unicode):
(hyperref)                removing `\hfill' on input line 5141.


Package hyperref Warning: Token not allowed in a PDF string (Unicode):
(hyperref)                removing `\box' on input line 5141.


Package hyperref Warning: Token not allowed in a PDF string (Unicode):
(hyperref)                removing `\z@' on input line 5141.


Package hyperref Warning: Token not allowed in a PDF string (Unicode):
(hyperref)                removing `\box' on input line 5141.


Package hyperref Warning: Token not allowed in a PDF string (Unicode):
(hyperref)                removing `\tw@' on input line 5141.


Package hyperref Warning: Token not allowed in a PDF string (Unicode):
(hyperref)                removing `math shift' on input line 5141.


LaTeX Warning: Hyper reference `SECFULLGES' on page 149 undefined on input line
 5143.


LaTeX Warning: Reference `SECFULLGES' on page 149 undefined on input line 5143.



LaTeX Warning: Citation `transformatics' on page 149 undefined on input line 51
49.


LaTeX Warning: Hyper reference `TABFSLAPERK' on page 149 undefined on input lin
e 5155.


LaTeX Warning: Reference `TABFSLAPERK' on page 149 undefined on input line 5155
.


LaTeX Warning: Hyper reference `TABSSLAPERK' on page 149 undefined on input lin
e 5157.


LaTeX Warning: Reference `TABSSLAPERK' on page 149 undefined on input line 5157
.



[149]

LaTeX Warning: Hyper reference `EQDNEXA' on page 150 undefined on input line 51
62.


LaTeX Warning: Reference `EQDNEXA' on page 150 undefined on input line 5162.


LaTeX Warning: Hyper reference `ALGCOZINPLATO' on page 150 undefined on input l
ine 5162.


LaTeX Warning: Reference `ALGCOZINPLATO' on page 150 undefined on input line 51
62.


LaTeX Warning: Hyper reference `FIGPLATONICCIPH' on page 150 undefined on input
 line 5162.


LaTeX Warning: Reference `FIGPLATONICCIPH' on page 150 undefined on input line 
5162.


LaTeX Warning: Hyper reference `FIGPLATONICCIPH' on page 150 undefined on input
 line 5190.


LaTeX Warning: Reference `FIGPLATONICCIPH' on page 150 undefined on input line 
5190.


Overfull \hbox (0.29314pt too wide) in paragraph at lines 5190--5191
[]\OT1/cmr/m/n/14.4 So, now that you know the \OT1/cmr/bx/n/14.4 PFEK \OT1/cmr/
m/n/14.4 for your $\OML/cmm/m/it/14.4 m$\OT1/cmr/m/n/14.4 , such as $[][] = \OM
S/cmsy/m/n/14.4 h\OT1/cmr/m/n/14.4 2\OML/cmm/m/it/14.4 ; \OT1/cmr/m/n/14.4 1\OM
L/cmm/m/it/14.4 ; \OT1/cmr/m/n/14.4 0\OML/cmm/m/it/14.4 ; \OT1/cmr/m/n/14.4 6\O
ML/cmm/m/it/14.4 ; \OT1/cmr/m/n/14.4 8\OMS/cmsy/m/n/14.4 i$
 []



pdfTeX warning: pdflatex (file ./resources/pdfs/EXAPLATONICFORMPFA_OCT.pdf): PD
F inclusion: found PDF version <1.7>, but at most version <1.5> allowed
<resources/pdfs/EXAPLATONICFORMPFA_OCT.pdf, id=2322, 358.4592pt x 346.4142pt>
File: resources/pdfs/EXAPLATONICFORMPFA_OCT.pdf Graphic file (type pdf)
<use resources/pdfs/EXAPLATONICFORMPFA_OCT.pdf>
Package pdftex.def Info: resources/pdfs/EXAPLATONICFORMPFA_OCT.pdf  used on inp
ut line 5202.
(pdftex.def)             Requested size: 446.69328pt x 431.70578pt.

Underfull \vbox (badness 10000) has occurred while \output is active []



[150]

[151 <./resources/pdfs/EXAPLATONICFORMPFA_OCT.pdf>]

[152

]
Appendix D.

Package hyperref Warning: Token not allowed in a PDF string (Unicode):
(hyperref)                removing `math shift' on input line 5219.


Package hyperref Warning: Token not allowed in a PDF string (Unicode):
(hyperref)                removing `\Omega' on input line 5219.


Package hyperref Warning: Token not allowed in a PDF string (Unicode):
(hyperref)                removing `math shift' on input line 5219.


LaTeX Warning: Hyper reference `ALGCOZINPLATO_ORIG' on page 153 undefined on in
put line 5225.


LaTeX Warning: Reference `ALGCOZINPLATO_ORIG' on page 153 undefined on input li
ne 5225.


LaTeX Warning: Hyper reference `EQFBOXED_ORIG' on page 153 undefined on input l
ine 5225.


LaTeX Warning: Reference `EQFBOXED_ORIG' on page 153 undefined on input line 52
25.


LaTeX Warning: Hyper reference `TRANSSEQATG' on page 153 undefined on input lin
e 5225.


LaTeX Warning: Reference `TRANSSEQATG' on page 153 undefined on input line 5225
.


LaTeX Warning: Hyper reference `ALGCOZINPLATO' on page 153 undefined on input l
ine 5225.


LaTeX Warning: Reference `ALGCOZINPLATO' on page 153 undefined on input line 52
25.



[153]

LaTeX Warning: Hyper reference `ALGCOZIN' on page 154 undefined on input line 5
237.


LaTeX Warning: Reference `ALGCOZIN' on page 154 undefined on input line 5237.


Underfull \hbox (badness 10000) in paragraph at lines 5237--5238

 []


Underfull \hbox (badness 10000) in paragraph at lines 5242--5243

 []


Underfull \hbox (badness 10000) in paragraph at lines 5244--5245

 []


Underfull \hbox (badness 10000) in paragraph at lines 5248--5249

 []


Underfull \hbox (badness 10000) in paragraph at lines 5254--5255

 []


Underfull \hbox (badness 10000) in paragraph at lines 5259--5260

 []


Underfull \hbox (badness 10000) in paragraph at lines 5261--5262

 []



[154]
Underfull \hbox (badness 10000) in paragraph at lines 5266--5267

 []


LaTeX Warning: Hyper reference `FIGPLATONICCIPH' on page 155 undefined on input
 line 5274.


LaTeX Warning: Reference `FIGPLATONICCIPH' on page 155 undefined on input line 
5274.


Underfull \hbox (badness 10000) in paragraph at lines 5295--5296

 []


Underfull \hbox (badness 10000) in paragraph at lines 5300--5301

 []


LaTeX Warning: Hyper reference `EQEXTFGEJOINT_ORIG' on page 155 undefined on in
put line 5303.


LaTeX Warning: Reference `EQEXTFGEJOINT_ORIG' on page 155 undefined on input li
ne 5303.


LaTeX Warning: Hyper reference `EQFBOXED_ORIG' on page 155 undefined on input l
ine 5317.


LaTeX Warning: Reference `EQFBOXED_ORIG' on page 155 undefined on input line 53
17.


Underfull \hbox (badness 10000) in paragraph at lines 5317--5318

 []



[155]
Underfull \hbox (badness 10000) in paragraph at lines 5321--5322

 []


LaTeX Warning: Hyper reference `FIGEXAPLATONICFORMPFA' on page 156 undefined on
 input line 5324.


LaTeX Warning: Reference `FIGEXAPLATONICFORMPFA' on page 156 undefined on input
 line 5324.


Underfull \hbox (badness 10000) in paragraph at lines 5349--5349

 []


LaTeX Warning: Hyper reference `ALGCOZINPLATO' on page 156 undefined on input l
ine 5349.


LaTeX Warning: Reference `ALGCOZINPLATO' on page 156 undefined on input line 53
49.


LaTeX Warning: Hyper reference `SECGENSEQEXPRES' on page 156 undefined on input
 line 5349.


LaTeX Warning: Reference `SECGENSEQEXPRES' on page 156 undefined on input line 
5349.


LaTeX Warning: Hyper reference `ALGCOZINPLATO_ORIG' on page 156 undefined on in
put line 5349.


LaTeX Warning: Reference `ALGCOZINPLATO_ORIG' on page 156 undefined on input li
ne 5349.


LaTeX Warning: Hyper reference `ALGCOZINPLATO_ORIG' on page 156 undefined on in
put line 5355.


LaTeX Warning: Reference `ALGCOZINPLATO_ORIG' on page 156 undefined on input li
ne 5355.


LaTeX Warning: Citation `transformatics' on page 156 undefined on input line 53
55.


LaTeX Warning: Hyper reference `SECSIGCOMPLE' on page 156 undefined on input li
ne 5358.


LaTeX Warning: Reference `SECSIGCOMPLE' on page 156 undefined on input line 535
8.



[156]

LaTeX Warning: Hyper reference `ALGCOZINPLATO_ORIG' on page 157 undefined on in
put line 5379.


LaTeX Warning: Reference `ALGCOZINPLATO_ORIG' on page 157 undefined on input li
ne 5379.


LaTeX Warning: Hyper reference `ALGCOZINPLATO' on page 157 undefined on input l
ine 5379.


LaTeX Warning: Reference `ALGCOZINPLATO' on page 157 undefined on input line 53
79.


Package hyperref Warning: Difference (2) between bookmark levels is greater 
(hyperref)                than one, level fixed on input line 5381.


LaTeX Warning: Hyper reference `EQDNEXA' on page 157 undefined on input line 53
84.


LaTeX Warning: Reference `EQDNEXA' on page 157 undefined on input line 5384.


LaTeX Warning: Hyper reference `FIGPLATONICEXA_ORIG' on page 157 undefined on i
nput line 5384.


LaTeX Warning: Reference `FIGPLATONICEXA_ORIG' on page 157 undefined on input l
ine 5384.


LaTeX Warning: Citation `lutalo_2025_exa' on page 157 undefined on input line 5
384.


LaTeX Warning: Hyper reference `FIGOZEXA' on page 157 undefined on input line 5
384.


LaTeX Warning: Reference `FIGOZEXA' on page 157 undefined on input line 5384.

<resources/pdfs/PLATONIC-EXA-landscape_ORIG.pdf, id=2404, 1486.80469pt x 649.67
719pt>
File: resources/pdfs/PLATONIC-EXA-landscape_ORIG.pdf Graphic file (type pdf)
<use resources/pdfs/PLATONIC-EXA-landscape_ORIG.pdf>
Package pdftex.def Info: resources/pdfs/PLATONIC-EXA-landscape_ORIG.pdf  used o
n input line 5394.
(pdftex.def)             Requested size: 446.69328pt x 195.18222pt.

LaTeX Warning: Hyper reference `EQDNEXA' on page 157 undefined on input line 53
95.


LaTeX Warning: Reference `EQDNEXA' on page 157 undefined on input line 5395.


LaTeX Warning: Hyper reference `EQDNEXA' on page 157 undefined on input line 53
95.


LaTeX Warning: Reference `EQDNEXA' on page 157 undefined on input line 5395.


Underfull \vbox (badness 10000) has occurred while \output is active []



[157]

LaTeX Warning: Hyper reference `EQDNAV' on page 158 undefined on input line 540
1.


LaTeX Warning: Reference `EQDNAV' on page 158 undefined on input line 5401.


LaTeX Warning: Hyper reference `ALGCOZINPLATO_ORIG' on page 158 undefined on in
put line 5403.


LaTeX Warning: Reference `ALGCOZINPLATO_ORIG' on page 158 undefined on input li
ne 5403.


LaTeX Warning: Hyper reference `FIGOZEVIRUS' on page 158 undefined on input lin
e 5403.


LaTeX Warning: Reference `FIGOZEVIRUS' on page 158 undefined on input line 5403
.


Underfull \hbox (badness 10000) in paragraph at lines 5414--5414

 []


Overfull \hbox (11.49992pt too wide) in paragraph at lines 5414--5415
 [] 
 []


LaTeX Warning: Hyper reference `TRANSGENSEQEVIRUS_ORIG' on page 158 undefined o
n input line 5419.


LaTeX Warning: Reference `TRANSGENSEQEVIRUS_ORIG' on page 158 undefined on inpu
t line 5419.


LaTeX Warning: Hyper reference `EQEXTFGEJOINTSUF_ORIG' on page 158 undefined on
 input line 5419.


LaTeX Warning: Reference `EQEXTFGEJOINTSUF_ORIG' on page 158 undefined on input
 line 5419.


LaTeX Warning: Hyper reference `EQFBOXED_ORIG' on page 158 undefined on input l
ine 5419.


LaTeX Warning: Reference `EQFBOXED_ORIG' on page 158 undefined on input line 54
19.


Underfull \hbox (badness 10000) in paragraph at lines 5419--5420

 []


Underfull \hbox (badness 10000) in paragraph at lines 5424--5425

 []



[158 <./resources/pdfs/PLATONIC-EXA-landscape_ORIG.pdf>]

LaTeX Warning: Hyper reference `EQGFEEVIRUS_ORIG' on page 159 undefined on inpu
t line 5426.


LaTeX Warning: Reference `EQGFEEVIRUS_ORIG' on page 159 undefined on input line
 5426.


LaTeX Warning: Hyper reference `EQFBOXED_ORIG' on page 159 undefined on input l
ine 5426.


LaTeX Warning: Reference `EQFBOXED_ORIG' on page 159 undefined on input line 54
26.


LaTeX Warning: Hyper reference `FIGLGESEULERVIRUS_ORIG' on page 159 undefined o
n input line 5426.


LaTeX Warning: Reference `FIGLGESEULERVIRUS_ORIG' on page 159 undefined on inpu
t line 5426.

<resources/pdfs/PLATONIC-EULERVIRUS-landscape_ORIG.pdf, id=2428, 1576.38937pt x
 362.85562pt>
File: resources/pdfs/PLATONIC-EULERVIRUS-landscape_ORIG.pdf Graphic file (type 
pdf)
<use resources/pdfs/PLATONIC-EULERVIRUS-landscape_ORIG.pdf>
Package pdftex.def Info: resources/pdfs/PLATONIC-EULERVIRUS-landscape_ORIG.pdf 
 used on input line 5432.
(pdftex.def)             Requested size: 446.69328pt x 102.81696pt.

LaTeX Warning: Hyper reference `EQGFEEVIRUS_ORIG' on page 159 undefined on inpu
t line 5433.


LaTeX Warning: Reference `EQGFEEVIRUS_ORIG' on page 159 undefined on input line
 5433.


LaTeX Warning: Hyper reference `EQGFEEVIRUS_ORIG' on page 159 undefined on inpu
t line 5433.


LaTeX Warning: Reference `EQGFEEVIRUS_ORIG' on page 159 undefined on input line
 5433.


LaTeX Warning: Hyper reference `EQGFEEVIRUS_ORIG' on page 159 undefined on inpu
t line 5439.


LaTeX Warning: Reference `EQGFEEVIRUS_ORIG' on page 159 undefined on input line
 5439.


LaTeX Warning: Hyper reference `FIGLGESEULERVIRUSv2_ORIG' on page 159 undefined
 on input line 5439.


LaTeX Warning: Reference `FIGLGESEULERVIRUSv2_ORIG' on page 159 undefined on in
put line 5439.

<resources/pdfs/v2-PLATONIC-EULERVIRUS-landscape_ORIG.pdf, id=2431, 1633.60312p
t x 353.82187pt>
File: resources/pdfs/v2-PLATONIC-EULERVIRUS-landscape_ORIG.pdf Graphic file (ty
pe pdf)
<use resources/pdfs/v2-PLATONIC-EULERVIRUS-landscape_ORIG.pdf>
Package pdftex.def Info: resources/pdfs/v2-PLATONIC-EULERVIRUS-landscape_ORIG.p
df  used on input line 5445.
(pdftex.def)             Requested size: 446.69328pt x 96.74792pt.

Underfull \vbox (badness 10000) has occurred while \output is active []



[159 <./resources/pdfs/PLATONIC-EULERVIRUS-landscape_ORIG.pdf>]

LaTeX Warning: Hyper reference `FIGLGESEULERVIRUSv2_ORIG' on page 160 undefined
 on input line 5451.


LaTeX Warning: Reference `FIGLGESEULERVIRUSv2_ORIG' on page 160 undefined on in
put line 5451.


LaTeX Warning: Hyper reference `FIGLGESEULERVIRUS_ORIG' on page 160 undefined o
n input line 5451.


LaTeX Warning: Reference `FIGLGESEULERVIRUS_ORIG' on page 160 undefined on inpu
t line 5451.


LaTeX Warning: Hyper reference `ALGCOZINPLATO_ORIG' on page 160 undefined on in
put line 5451.


LaTeX Warning: Reference `ALGCOZINPLATO_ORIG' on page 160 undefined on input li
ne 5451.


LaTeX Warning: Hyper reference `FIGLGESEULERVIRUS_ORIG' on page 160 undefined o
n input line 5453.


LaTeX Warning: Reference `FIGLGESEULERVIRUS_ORIG' on page 160 undefined on inpu
t line 5453.



pdfTeX warning: pdflatex (file ./resources/pdfs/trans_front_cover.pdf): PDF inc
lusion: found PDF version <1.7>, but at most version <1.5> allowed
<resources/pdfs/trans_front_cover.pdf, id=2447, 596.98032pt x 844.65562pt>
File: resources/pdfs/trans_front_cover.pdf Graphic file (type pdf)
<use resources/pdfs/trans_front_cover.pdf>
Package pdftex.def Info: resources/pdfs/trans_front_cover.pdf  used on input li
ne 5460.
(pdftex.def)             Requested size: 596.97885pt x 844.65356pt.


pdfTeX warning: pdflatex (file ./resources/pdfs/trans_front_cover.pdf): PDF inc
lusion: found PDF version <1.7>, but at most version <1.5> allowed
File: resources/pdfs/trans_front_cover.pdf Graphic file (type pdf)
<use resources/pdfs/trans_front_cover.pdf>
Package pdftex.def Info: resources/pdfs/trans_front_cover.pdf  used on input li
ne 5460.
(pdftex.def)             Requested size: 596.97885pt x 844.65356pt.


pdfTeX warning: pdflatex (file ./resources/pdfs/trans_front_cover.pdf): PDF inc
lusion: found PDF version <1.7>, but at most version <1.5> allowed


pdfTeX warning: pdflatex (file ./resources/pdfs/trans_front_cover.pdf): PDF inc
lusion: found PDF version <1.7>, but at most version <1.5> allowed
<resources/pdfs/trans_front_cover.pdf, id=2450, page=1, 596.98032pt x 844.65562
pt>
File: resources/pdfs/trans_front_cover.pdf Graphic file (type pdf)
<use resources/pdfs/trans_front_cover.pdf, page 1>
Package pdftex.def Info: resources/pdfs/trans_front_cover.pdf , page1 used on i
nput line 5460.
(pdftex.def)             Requested size: 596.97885pt x 844.65356pt.
File: resources/pdfs/trans_front_cover.pdf Graphic file (type pdf)
<use resources/pdfs/trans_front_cover.pdf, page 1>
Package pdftex.def Info: resources/pdfs/trans_front_cover.pdf , page1 used on i
nput line 5460.
(pdftex.def)             Requested size: 597.71669pt x 845.69751pt.


[160 <./resources/pdfs/v2-PLATONIC-EULERVIRUS-landscape_ORIG.pdf>]
File: resources/pdfs/trans_front_cover.pdf Graphic file (type pdf)
<use resources/pdfs/trans_front_cover.pdf, page 1>
Package pdftex.def Info: resources/pdfs/trans_front_cover.pdf , page1 used on i
nput line 5460.
(pdftex.def)             Requested size: 597.71669pt x 845.69751pt.
File: resources/pdfs/trans_front_cover.pdf Graphic file (type pdf)
<use resources/pdfs/trans_front_cover.pdf, page 1>
Package pdftex.def Info: resources/pdfs/trans_front_cover.pdf , page1 used on i
nput line 5460.
(pdftex.def)             Requested size: 597.71669pt x 845.69751pt.


File: resources/pdfs/trans_front_cover.pdf Graphic file (type pdf)
<use resources/pdfs/trans_front_cover.pdf, page 1>
Package pdftex.def Info: resources/pdfs/trans_front_cover.pdf , page1 used on i
nput line 5460.
(pdftex.def)             Requested size: 597.71669pt x 845.69751pt.
[161

 <./resources/pdfs/trans_front_cover.pdf>]

[162

]
Appendix E.

Package hyperref Warning: Token not allowed in a PDF string (Unicode):
(hyperref)                removing `\\' on input line 5462.


LaTeX Warning: Citation `Lutalo2025_transformatics_thesis' on page 163 undefine
d on input line 5465.


LaTeX Warning: Citation `lutalo_2025_trans101_1page' on page 163 undefined on i
nput line 5467.


LaTeX Warning: Citation `transformatics' on page 163 undefined on input line 54
67.


Overfull \hbox (49.0676pt too wide) in paragraph at lines 5467--5471
\OT1/cmr/m/n/14.4 quences); \OT1/cmtt/m/n/14.4 computer science \OT1/cmr/m/n/14
.4 (TEA lan-guage, transformer-chains/sequence-transformers)
 []


Underfull \hbox (badness 10000) in paragraph at lines 5467--5471

 []


LaTeX Warning: Citation `lnspaper' on page 163 undefined on input line 5475.


Package hyperref Warning: Token not allowed in a PDF string (Unicode):
(hyperref)                removing `\@ifnextchar' on input line 5475.


LaTeX Warning: Citation `Lutalo2024gtnc' on page 163 undefined on input line 54
79.


Package hyperref Warning: Token not allowed in a PDF string (Unicode):
(hyperref)                removing `\@ifnextchar' on input line 5479.


LaTeX Warning: Citation `lnspaper' on page 163 undefined on input line 5483.


Package hyperref Warning: Token not allowed in a PDF string (Unicode):
(hyperref)                removing `\@ifnextchar' on input line 5483.



[163]

LaTeX Warning: Citation `adtpaper' on page 164 undefined on input line 5488.


LaTeX Warning: Citation `Lutalo2024gtnc' on page 164 undefined on input line 54
88.


Package hyperref Warning: Token not allowed in a PDF string (Unicode):
(hyperref)                removing `\@ifnextchar' on input line 5488.


Package hyperref Warning: Token not allowed in a PDF string (Unicode):
(hyperref)                removing `\@ifnextchar' on input line 5488.


LaTeX Warning: Citation `ossipaper' on page 164 undefined on input line 5495.


LaTeX Warning: Citation `Lutalo2024gtnc' on page 164 undefined on input line 54
95.


Package hyperref Warning: Token not allowed in a PDF string (Unicode):
(hyperref)                removing `\@ifnextchar' on input line 5495.


Package hyperref Warning: Token not allowed in a PDF string (Unicode):
(hyperref)                removing `\@ifnextchar' on input line 5495.


LaTeX Warning: Citation `transformatics' on page 164 undefined on input line 55
01.


LaTeX Warning: Citation `lnspaper' on page 164 undefined on input line 5501.


Package hyperref Warning: Token not allowed in a PDF string (Unicode):
(hyperref)                removing `\@ifnextchar' on input line 5501.


Package hyperref Warning: Token not allowed in a PDF string (Unicode):
(hyperref)                removing `\@ifnextchar' on input line 5501.


LaTeX Warning: Citation `Lutalo2025transpsy' on page 164 undefined on input lin
e 5506.


LaTeX Warning: Citation `transformatics' on page 164 undefined on input line 55
06.


Package hyperref Warning: Token not allowed in a PDF string (Unicode):
(hyperref)                removing `\@ifnextchar' on input line 5506.


Package hyperref Warning: Token not allowed in a PDF string (Unicode):
(hyperref)                removing `\@ifnextchar' on input line 5506.


LaTeX Warning: Citation `transformatics' on page 164 undefined on input line 55
12.


Package hyperref Warning: Token not allowed in a PDF string (Unicode):
(hyperref)                removing `\@ifnextchar' on input line 5512.


LaTeX Warning: Citation `transformatics' on page 164 undefined on input line 55
17.


LaTeX Warning: Citation `lutalo2025transformatic' on page 164 undefined on inpu
t line 5517.


Package hyperref Warning: Token not allowed in a PDF string (Unicode):
(hyperref)                removing `\@ifnextchar' on input line 5517.


Package hyperref Warning: Token not allowed in a PDF string (Unicode):
(hyperref)                removing `\@ifnextchar' on input line 5517.


LaTeX Warning: Citation `lutalo_2025_trans_genetics' on page 164 undefined on i
nput line 5522.


Package hyperref Warning: Token not allowed in a PDF string (Unicode):
(hyperref)                removing `\@ifnextchar' on input line 5522.


Package hyperref Warning: Token not allowed in a PDF string (Unicode):
(hyperref)                removing `subscript' on input line 5522.


Package hyperref Warning: Token not allowed in a PDF string (Unicode):
(hyperref)                removing `subscript' on input line 5522.


Package hyperref Warning: Token not allowed in a PDF string (Unicode):
(hyperref)                removing `subscript' on input line 5522.



[164]

LaTeX Warning: Citation `treealgebras_review' on page 165 undefined on input li
ne 5537.


LaTeX Warning: Hyper reference `PROPTOE' on page 165 undefined on input line 55
38.


LaTeX Warning: Hyper reference `PROP5' on page 165 undefined on input line 5539
.


LaTeX Warning: Hyper reference `PROP5' on page 165 undefined on input line 5540
.


LaTeX Warning: Citation `treealgebras_review' on page 165 undefined on input li
ne 5541.


LaTeX Warning: Hyper reference `PROP2' on page 165 undefined on input line 5541
.



[165]

LaTeX Warning: Citation `lutalo2025rng' on page 166 undefined on input line 554
4.


LaTeX Warning: Citation `Lutalo2025transpsy' on page 166 undefined on input lin
e 5544.


LaTeX Warning: Citation `transformatics' on page 166 undefined on input line 55
55.


LaTeX Warning: Citation `transformatics' on page 166 undefined on input line 55
55.


Underfull \hbox (badness 10000) in paragraph at lines 5555--5556

 []



[166]

LaTeX Warning: Citation `ossipaper' on page 167 undefined on input line 5566.


Package hyperref Warning: Token not allowed in a PDF string (Unicode):
(hyperref)                removing `\@ifnextchar' on input line 5566.


LaTeX Warning: Citation `cli_tttt' on page 167 undefined on input line 5568.


Underfull \hbox (badness 10000) in paragraph at lines 5568--5569

 []


Underfull \hbox (badness 10000) in paragraph at lines 5573--5575

 []


LaTeX Warning: Hyper reference `TRANSFOSSI' on page 167 undefined on input line
 5578.


LaTeX Warning: Reference `TRANSFOSSI' on page 167 undefined on input line 5578.



LaTeX Warning: Hyper reference `RES8' on page 167 undefined on input line 5578.



LaTeX Warning: Citation `ossipaper' on page 167 undefined on input line 5578.


LaTeX Warning: Citation `adtpaper' on page 167 undefined on input line 5592.


Package hyperref Warning: Token not allowed in a PDF string (Unicode):
(hyperref)                removing `\@ifnextchar' on input line 5592.


Underfull \hbox (badness 10000) in paragraph at lines 5595--5596

 []



[167]
Underfull \hbox (badness 10000) in paragraph at lines 5599--5606

 []


Underfull \hbox (badness 10000) in paragraph at lines 5608--5609

 []


Underfull \hbox (badness 10000) in paragraph at lines 5612--5618

 []


LaTeX Warning: Hyper reference `TRANS1' on page 168 undefined on input line 562
0.


LaTeX Warning: Reference `TRANS1' on page 168 undefined on input line 5620.


LaTeX Warning: Hyper reference `TRANS1A' on page 168 undefined on input line 56
20.


LaTeX Warning: Reference `TRANS1A' on page 168 undefined on input line 5620.


LaTeX Warning: Citation `adtpaper' on page 168 undefined on input line 5620.


LaTeX Warning: Citation `adtpaper' on page 168 undefined on input line 5627.


LaTeX Warning: Citation `transformatics' on page 168 undefined on input line 56
39.


LaTeX Warning: Hyper reference `TRANS1' on page 168 undefined on input line 563
9.


LaTeX Warning: Reference `TRANS1' on page 168 undefined on input line 5639.


LaTeX Warning: Citation `lutalo_2025_trans_genetics' on page 168 undefined on i
nput line 5639.



[168]

LaTeX Warning: Citation `transformatics' on page 169 undefined on input line 56
42.


Overfull \hbox (32.29582pt too wide) in paragraph at lines 5642--5642
[]\OT1/cmr/bx/n/12 Proposal 3: The Trans-former Com-pres-sion Ra-tio of any Se-
quence Transformation[[]] 
 []


Package hyperref Warning: Token not allowed in a PDF string (Unicode):
(hyperref)                removing `\@ifnextchar' on input line 5642.


LaTeX Warning: Hyper reference `TRANS1' on page 169 undefined on input line 564
5.


LaTeX Warning: Reference `TRANS1' on page 169 undefined on input line 5645.


LaTeX Warning: Citation `transformatics' on page 169 undefined on input line 56
45.


LaTeX Warning: Citation `transformatics' on page 169 undefined on input line 56
45.


Underfull \hbox (badness 10000) in paragraph at lines 5645--5646

 []


LaTeX Warning: Hyper reference `TRANS1' on page 169 undefined on input line 565
3.


LaTeX Warning: Reference `TRANS1' on page 169 undefined on input line 5653.


LaTeX Warning: Citation `transformatics' on page 169 undefined on input line 56
53.


LaTeX Warning: Hyper reference `RES9' on page 169 undefined on input line 5653.



Underfull \hbox (badness 10000) in paragraph at lines 5663--5664

 []


LaTeX Warning: Citation `transformatics' on page 169 undefined on input line 56
65.


Overfull \hbox (22.46384pt too wide) in paragraph at lines 5665--5665
[]\OT1/cmr/bx/n/12 Proposal 4: The Piece-meal Com-pres-sion Ra-tio of Any Se-qu
ence Transformation[[]] 
 []


Package hyperref Warning: Token not allowed in a PDF string (Unicode):
(hyperref)                removing `\@ifnextchar' on input line 5665.


Underfull \hbox (badness 10000) in paragraph at lines 5667--5668

 []



[169]
Underfull \hbox (badness 10000) in paragraph at lines 5671--5673

 []


LaTeX Warning: Citation `transformatics' on page 170 undefined on input line 56
75.


LaTeX Warning: Citation `transformatics' on page 170 undefined on input line 56
75.


LaTeX Warning: Citation `transformatics' on page 170 undefined on input line 56
75.


Underfull \hbox (badness 10000) in paragraph at lines 5675--5676

 []


Underfull \hbox (badness 10000) in paragraph at lines 5681--5682

 []


LaTeX Warning: Hyper reference `TRANSPCR' on page 170 undefined on input line 5
683.


LaTeX Warning: Reference `TRANSPCR' on page 170 undefined on input line 5683.


LaTeX Warning: Citation `transformatics' on page 170 undefined on input line 56
90.


Underfull \hbox (badness 10000) in paragraph at lines 5690--5691

 []


Overfull \hbox (31.27202pt too wide) detected at line 5701
[][][]\OT1/cmr/m/n/14.4 	(^^B\OML/cmm/m/it/14.4 ; \OT1/cmr/m/n/14.4 ^^B[]) = []

 []


Underfull \hbox (badness 10000) in paragraph at lines 5701--5702

 []


LaTeX Warning: Hyper reference `PROP2' on page 170 undefined on input line 5704
.


LaTeX Warning: Citation `Lutalo2024gtnc' on page 170 undefined on input line 57
04.



[170]

LaTeX Warning: Citation `transformatics' on page 171 undefined on input line 57
07.


Package hyperref Warning: Token not allowed in a PDF string (Unicode):
(hyperref)                removing `\@ifnextchar' on input line 5707.


LaTeX Warning: Hyper reference `RES4' on page 171 undefined on input line 5711.



LaTeX Warning: Hyper reference `RES5' on page 171 undefined on input line 5711.



Underfull \hbox (badness 10000) in paragraph at lines 5711--5712

 []


Underfull \hbox (badness 10000) in paragraph at lines 5715--5716

 []


LaTeX Warning: Citation `transformatics' on page 171 undefined on input line 57
18.


LaTeX Warning: Hyper reference `PROB1' on page 171 undefined on input line 5718
.


LaTeX Warning: Reference `PROB1' on page 171 undefined on input line 5718.


LaTeX Warning: Citation `transformatics' on page 171 undefined on input line 57
18.


LaTeX Warning: Hyper reference `PROB1' on page 171 undefined on input line 5720
.


LaTeX Warning: Reference `PROB1' on page 171 undefined on input line 5720.


Underfull \hbox (badness 10000) in paragraph at lines 5720--5721

 []


Underfull \hbox (badness 10000) in paragraph at lines 5727--5728

 []


Underfull \hbox (badness 10000) in paragraph at lines 5731--5736

 []


LaTeX Warning: Citation `transformatics' on page 171 undefined on input line 57
39.



[171]

LaTeX Warning: Citation `transformatics' on page 172 undefined on input line 57
41.


LaTeX Warning: Citation `adtpaper' on page 172 undefined on input line 5741.


LaTeX Warning: Citation `lutalo_2025_trans_genetics' on page 172 undefined on i
nput line 5741.


LaTeX Warning: Citation `lutalo_2025_trans_genetics' on page 172 undefined on i
nput line 5744.


Package hyperref Warning: Token not allowed in a PDF string (Unicode):
(hyperref)                removing `\@ifnextchar' on input line 5744.


Package hyperref Warning: Token not allowed in a PDF string (Unicode):
(hyperref)                removing `subscript' on input line 5744.


Package hyperref Warning: Token not allowed in a PDF string (Unicode):
(hyperref)                removing `subscript' on input line 5744.


Package hyperref Warning: Token not allowed in a PDF string (Unicode):
(hyperref)                removing `subscript' on input line 5744.


LaTeX Warning: Hyper reference `PROP5' on page 172 undefined on input line 5747
.


Underfull \hbox (badness 10000) in paragraph at lines 5747--5748

 []


Overfull \hbox (11.0491pt too wide) detected at line 5753
[][][][] \OT1/cmr/m/n/14.4 = 1\OML/cmm/m/it/14.4 :\OT1/cmr/m/n/14.4 61803398874
9895  =[]\OMS/cmsy/m/n/14.4 )  \OT1/cmr/m/n/14.4 ^^B[] = \OMS/cmsy/m/n/14.4 h\O
T1/cmr/m/n/14.4 1\OML/cmm/m/it/14.4 ; \OT1/cmr/m/n/14.4 6\OML/cmm/m/it/14.4 ; \
OT1/cmr/m/n/14.4 1\OML/cmm/m/it/14.4 ; \OT1/cmr/m/n/14.4 8\OML/cmm/m/it/14.4 ; 
\OT1/cmr/m/n/14.4 0\OML/cmm/m/it/14.4 ; \OT1/cmr/m/n/14.4 3\OML/cmm/m/it/14.4 ;
 \OT1/cmr/m/n/14.4 3\OML/cmm/m/it/14.4 ; \OT1/cmr/m/n/14.4 9\OML/cmm/m/it/14.4 
; \OT1/cmr/m/n/14.4 8\OML/cmm/m/it/14.4 ; \OT1/cmr/m/n/14.4 8\OML/cmm/m/it/14.4
 ; \OT1/cmr/m/n/14.4 7\OML/cmm/m/it/14.4 ; \OT1/cmr/m/n/14.4 4\OML/cmm/m/it/14.
4 ; \OT1/cmr/m/n/14.4 9\OML/cmm/m/it/14.4 ; \OT1/cmr/m/n/14.4 8\OML/cmm/m/it/14
.4 ; \OT1/cmr/m/n/14.4 9\OML/cmm/m/it/14.4 ; \OT1/cmr/m/n/14.4 5\OMS/cmsy/m/n/1
4.4 i
 []


Underfull \hbox (badness 10000) in paragraph at lines 5753--5754

 []


Underfull \hbox (badness 10000) in paragraph at lines 5755--5756

 []


Underfull \hbox (badness 10000) in paragraph at lines 5760--5761

 []


Underfull \hbox (badness 10000) in paragraph at lines 5763--5764

 []


LaTeX Warning: Hyper reference `EQPROP6' on page 172 undefined on input line 57
67.


LaTeX Warning: Reference `EQPROP6' on page 172 undefined on input line 5767.


Underfull \hbox (badness 10000) in paragraph at lines 5767--5768

 []


LaTeX Warning: Hyper reference `PROBSC1' on page 172 undefined on input line 57
71.


LaTeX Warning: Reference `PROBSC1' on page 172 undefined on input line 5771.


LaTeX Warning: Hyper reference `TRANSMSS1' on page 172 undefined on input line 
5771.


LaTeX Warning: Reference `TRANSMSS1' on page 172 undefined on input line 5771.


LaTeX Warning: Citation `lutalo_2025_trans_genetics' on page 172 undefined on i
nput line 5771.



[172]

LaTeX Warning: Citation `lutalo_2025_trans_genetics' on page 173 undefined on i
nput line 5773.


LaTeX Warning: Citation `lutalo_2025_trans_genetics' on page 173 undefined on i
nput line 5773.


LaTeX Warning: Hyper reference `EQSECHARDEF' on page 173 undefined on input lin
e 5781.


LaTeX Warning: Reference `EQSECHARDEF' on page 173 undefined on input line 5781
.


Underfull \hbox (badness 10000) in paragraph at lines 5781--5782

 []


Underfull \hbox (badness 10000) in paragraph at lines 5786--5788

 []


LaTeX Warning: Hyper reference `TRANSSCGR' on page 173 undefined on input line 
5790.


LaTeX Warning: Reference `TRANSSCGR' on page 173 undefined on input line 5790.


LaTeX Warning: Citation `lutalo_2025_trans_genetics' on page 173 undefined on i
nput line 5790.


LaTeX Warning: Citation `lutalo_2025_trans_genetics' on page 173 undefined on i
nput line 5790.


Underfull \hbox (badness 10000) in paragraph at lines 5790--5791

 []


Underfull \hbox (badness 10000) in paragraph at lines 5795--5796

 []


LaTeX Warning: Hyper reference `TRANSSCGR' on page 173 undefined on input line 
5797.


LaTeX Warning: Reference `TRANSSCGR' on page 173 undefined on input line 5797.


Underfull \hbox (badness 10000) in paragraph at lines 5797--5798

 []



[173]
Underfull \hbox (badness 10000) in paragraph at lines 5803--5804

 []


LaTeX Warning: Hyper reference `EQSCGR2' on page 174 undefined on input line 58
05.


LaTeX Warning: Reference `EQSCGR2' on page 174 undefined on input line 5805.


LaTeX Warning: Citation `lutalo_2025_trans_genetics' on page 174 undefined on i
nput line 5805.


LaTeX Warning: Hyper reference `PROP8' on page 174 undefined on input line 5805
.


Underfull \hbox (badness 10000) in paragraph at lines 5805--5806

 []


LaTeX Warning: Hyper reference `EQSECHARDEF3' on page 174 undefined on input li
ne 5813.


LaTeX Warning: Reference `EQSECHARDEF3' on page 174 undefined on input line 581
3.


Underfull \hbox (badness 10000) in paragraph at lines 5813--5814

 []


Underfull \hbox (badness 10000) in paragraph at lines 5818--5819

 []


LaTeX Warning: Hyper reference `PROBSC1' on page 174 undefined on input line 58
21.


LaTeX Warning: Reference `PROBSC1' on page 174 undefined on input line 5821.


Underfull \hbox (badness 10000) in paragraph at lines 5821--5822

 []


LaTeX Warning: Hyper reference `EQSCGR3' on page 174 undefined on input line 58
24.


LaTeX Warning: Reference `EQSCGR3' on page 174 undefined on input line 5824.


Underfull \hbox (badness 10000) in paragraph at lines 5824--5826

 []


LaTeX Warning: Hyper reference `PROP9' on page 174 undefined on input line 5828
.


LaTeX Warning: Citation `cli_tttt' on page 174 undefined on input line 5828.


LaTeX Warning: Hyper reference `EQPROP6' on page 174 undefined on input line 58
28.


LaTeX Warning: Reference `EQPROP6' on page 174 undefined on input line 5828.


LaTeX Warning: Hyper reference `RES7' on page 174 undefined on input line 5828.



LaTeX Warning: Hyper reference `TRANSSCGR' on page 174 undefined on input line 
5828.


LaTeX Warning: Reference `TRANSSCGR' on page 174 undefined on input line 5828.



[174]

Package caption Warning: The option `hypcap=true' will be ignored for this
(caption)                particular \caption on input line 5849.
See the caption package documentation for explanation.


Underfull \hbox (badness 10000) in paragraph at lines 5854--5855

 []


Underfull \hbox (badness 10000) in paragraph at lines 5856--5857
[][]$\OT1/cmtt/m/n/14.4 https : / / tea . nuchwezi . com / ?fc = https : / / gi
st . githubusercontent . com /
 []


Underfull \hbox (badness 10000) in paragraph at lines 5856--5857

 []


LaTeX Warning: Citation `lutalo_2025_trans_genetics' on page 175 undefined on i
nput line 5862.


Package hyperref Warning: Token not allowed in a PDF string (Unicode):
(hyperref)                removing `\@ifnextchar' on input line 5862.


Package hyperref Warning: Token not allowed in a PDF string (Unicode):
(hyperref)                removing `subscript' on input line 5862.


Package hyperref Warning: Token not allowed in a PDF string (Unicode):
(hyperref)                removing `subscript' on input line 5862.


Package hyperref Warning: Token not allowed in a PDF string (Unicode):
(hyperref)                removing `subscript' on input line 5862.


LaTeX Warning: Hyper reference `PROP6' on page 175 undefined on input line 5866
.


Underfull \hbox (badness 10000) in paragraph at lines 5866--5867

 []



[175]

LaTeX Warning: Citation `lutalo_2025_trans_genetics' on page 176 undefined on i
nput line 5869.


Underfull \hbox (badness 10000) in paragraph at lines 5877--5878

 []


Underfull \hbox (badness 10000) in paragraph at lines 5891--5892

 []


LaTeX Warning: Citation `lutalo_2025_trans_genetics' on page 176 undefined on i
nput line 5894.


Underfull \hbox (badness 10000) in paragraph at lines 5894--5895

 []



[176]

LaTeX Warning: Hyper reference `PROP6' on page 177 undefined on input line 5896
.


LaTeX Warning: Hyper reference `PROP6' on page 177 undefined on input line 5896
.


LaTeX Warning: Citation `lutalo_2025_trans_genetics' on page 177 undefined on i
nput line 5898.


Package hyperref Warning: Token not allowed in a PDF string (Unicode):
(hyperref)                removing `\@ifnextchar' on input line 5898.


Package hyperref Warning: Token not allowed in a PDF string (Unicode):
(hyperref)                removing `subscript' on input line 5898.


Package hyperref Warning: Token not allowed in a PDF string (Unicode):
(hyperref)                removing `subscript' on input line 5898.


Package hyperref Warning: Token not allowed in a PDF string (Unicode):
(hyperref)                removing `subscript' on input line 5898.


LaTeX Warning: Citation `lutalo_2025_trans_genetics' on page 177 undefined on i
nput line 5901.


LaTeX Warning: Citation `lutalo_2025_trans_genetics' on page 177 undefined on i
nput line 5901.


Underfull \hbox (badness 10000) in paragraph at lines 5901--5902

 []


Underfull \hbox (badness 10000) in paragraph at lines 5903--5904

 []


Underfull \hbox (badness 10000) in paragraph at lines 5908--5909

 []


Underfull \hbox (badness 10000) in paragraph at lines 5910--5911

 []


Underfull \hbox (badness 10000) in paragraph at lines 5916--5917

 []


Underfull \hbox (badness 10000) in paragraph at lines 5919--5920

 []



[177]
Underfull \hbox (badness 10000) in paragraph at lines 5924--5928
[][]\OT1/cmr/bx/n/14.4 Transformer 17 \OT1/cmr/m/n/14.4 (The \OT1/cmr/bx/n/14.4
 k--GRAM Gen-er-a-tor\OT1/cmr/m/n/14.4 )\OT1/cmr/bx/n/14.4 . []$\OT1/cmr/m/n/14
.4 ^^B[] =
 []


Underfull \hbox (badness 10000) in paragraph at lines 5924--5928

 []


LaTeX Warning: Hyper reference `TRANSFBUNDb' on page 178 undefined on input lin
e 5930.


LaTeX Warning: Reference `TRANSFBUNDb' on page 178 undefined on input line 5930
.


Underfull \hbox (badness 10000) in paragraph at lines 5930--5931

 []


LaTeX Warning: Hyper reference `TRANSFBUNDb' on page 178 undefined on input lin
e 5932.


LaTeX Warning: Reference `TRANSFBUNDb' on page 178 undefined on input line 5932
.


Underfull \hbox (badness 10000) in paragraph at lines 5932--5933

 []


Underfull \hbox (badness 10000) in paragraph at lines 5939--5940

 []


Underfull \hbox (badness 10000) in paragraph at lines 5944--5945

 []


LaTeX Warning: Citation `lutalo_2025_trans_genetics' on page 178 undefined on i
nput line 5946.


Underfull \hbox (badness 10000) in paragraph at lines 5946--5947

 []


Underfull \hbox (badness 10000) in paragraph at lines 5951--5952

 []


LaTeX Warning: Hyper reference `EQMATR' on page 178 undefined on input line 595
4.


LaTeX Warning: Reference `EQMATR' on page 178 undefined on input line 5954.


Underfull \hbox (badness 10000) in paragraph at lines 5954--5955

 []


Underfull \hbox (badness 10000) detected at line 5973
 []$[]  \OT1/cmr/m/n/14.4 
[] = [] = []$ [][][]  
 []


Underfull \vbox (badness 1043) has occurred while \output is active []



[178]
Underfull \hbox (badness 10000) in paragraph at lines 5973--5974

 []


LaTeX Warning: Hyper reference `TRANSFBUNDb' on page 179 undefined on input lin
e 5976.


LaTeX Warning: Reference `TRANSFBUNDb' on page 179 undefined on input line 5976
.


LaTeX Warning: Citation `Lutalo2024gtnc' on page 179 undefined on input line 59
76.


Underfull \hbox (badness 10000) in paragraph at lines 5976--5977

 []


Underfull \hbox (badness 10000) in paragraph at lines 5976--5977

 []


Underfull \hbox (badness 10000) in paragraph at lines 5980--5987

 []


Underfull \hbox (badness 10000) in paragraph at lines 5980--5987

 []


LaTeX Warning: Citation `lutalo_2025_trans_genetics' on page 179 undefined on i
nput line 5991.


LaTeX Warning: Citation `cli_tttt' on page 179 undefined on input line 5991.


Package hyperref Warning: Token not allowed in a PDF string (Unicode):
(hyperref)                removing `\@ifnextchar' on input line 5991.


Package hyperref Warning: Token not allowed in a PDF string (Unicode):
(hyperref)                removing `subscript' on input line 5991.


Package hyperref Warning: Token not allowed in a PDF string (Unicode):
(hyperref)                removing `subscript' on input line 5991.


Package hyperref Warning: Token not allowed in a PDF string (Unicode):
(hyperref)                removing `subscript' on input line 5991.


Package hyperref Warning: Token not allowed in a PDF string (Unicode):
(hyperref)                removing `\@ifnextchar' on input line 5991.


Package hyperref Warning: Token not allowed in a PDF string (Unicode):
(hyperref)                removing `subscript' on input line 5991.


LaTeX Warning: Hyper reference `PROP6' on page 179 undefined on input line 5994
.


LaTeX Warning: Citation `Lutalo2024TEATAZ' on page 179 undefined on input line 
5994.


Underfull \hbox (badness 10000) in paragraph at lines 5994--5995

 []



[179]

LaTeX Warning: Hyper reference `LISTSC' on page 180 undefined on input line 599
6.


LaTeX Warning: Reference `LISTSC' on page 180 undefined on input line 5996.


LaTeX Warning: Citation `Lutalo2024TEATAZ' on page 180 undefined on input line 
5996.


LaTeX Warning: Hyper reference `LSTSCGEN' on page 180 undefined on input line 5
996.


LaTeX Warning: Reference `LSTSCGEN' on page 180 undefined on input line 5996.


LaTeX Warning: Hyper reference `LSTSCGEN' on page 180 undefined on input line 5
996.


LaTeX Warning: Reference `LSTSCGENMINI' on page 180 undefined on input line 599
6.



[180]

LaTeX Warning: Citation `Lutalo2024TEATAZ' on page 181 undefined on input line 
6054.


LaTeX Warning: Citation `Lutalo2024TEATAZ' on page 181 undefined on input line 
6054.


LaTeX Warning: Citation `Lutalo2024TEATAZ' on page 181 undefined on input line 
6054.


Underfull \hbox (badness 10000) in paragraph at lines 6054--6055

 []


Underfull \hbox (badness 10000) in paragraph at lines 6056--6057

 []


Underfull \vbox (badness 1365) has occurred while \output is active []



[181]
Underfull \hbox (badness 10000) in paragraph at lines 6072--6073

 []


Underfull \hbox (badness 10000) in paragraph at lines 6074--6075

 []


Underfull \hbox (badness 10000) in paragraph at lines 6078--6079
[][]\OT1/cmr/bx/n/14.4 Transformation 38. []$\OMS/cmsy/m/n/14.4 ; [] h[]i []
 []


Underfull \hbox (badness 10000) in paragraph at lines 6078--6079

 []


Underfull \hbox (badness 10000) in paragraph at lines 6082--6083

 []


Underfull \hbox (badness 10000) in paragraph at lines 6087--6088
[][]\OT1/cmr/bx/n/14.4 Transformation 39. []$\OMS/cmsy/m/n/14.4 h[]i []
 []


Underfull \hbox (badness 10000) in paragraph at lines 6087--6088
\OMS/cmsy/m/n/14.4 h[]i [] h[]i []
 []


Underfull \hbox (badness 10000) in paragraph at lines 6087--6088

 []


Underfull \hbox (badness 10000) in paragraph at lines 6090--6091

 []


LaTeX Warning: Citation `Lutalo2024TEATAZ' on page 182 undefined on input line 
6092.



[182]

LaTeX Warning: Citation `lnspaper' on page 183 undefined on input line 6095.


Package hyperref Warning: Token not allowed in a PDF string (Unicode):
(hyperref)                removing `\@ifnextchar' on input line 6095.


LaTeX Warning: Citation `lnspaper' on page 183 undefined on input line 6098.


LaTeX Warning: Hyper reference `RES3' on page 183 undefined on input line 6098.



LaTeX Warning: Reference `RES3' on page 183 undefined on input line 6098.


Underfull \hbox (badness 10000) in paragraph at lines 6098--6099

 []


Overfull \hbox (113.35794pt too wide) detected at line 6108
[][][]\OT1/cmr/m/n/14.4 ^^B[] \OMS/cmsy/m/n/14.4 ! []
 []


LaTeX Warning: Hyper reference `EQPROP10' on page 183 undefined on input line 6
111.


LaTeX Warning: Reference `EQPROP10' on page 183 undefined on input line 6111.


Underfull \hbox (badness 10000) in paragraph at lines 6111--6112

 []


Underfull \hbox (badness 3460) in paragraph at lines 6116--6117
[][]\OT1/cmr/bx/n/14.4 Definition 14 \OT1/cmr/m/n/14.4 (The \OT1/cmr/bx/n/14.4 
Se-quence En-tropy\OT1/cmr/m/n/14.4 , $^^H(^^B)$)\OT1/cmr/bx/n/14.4 . []\OT1/cm
r/m/it/14.4 Given any se-quence
 []


Underfull \hbox (badness 10000) in paragraph at lines 6116--6117

 []


Underfull \hbox (badness 10000) in paragraph at lines 6120--6121

 []


Underfull \hbox (badness 10000) in paragraph at lines 6122--6123

 []



[183]
Underfull \hbox (badness 10000) in paragraph at lines 6127--6128

 []


LaTeX Warning: Hyper reference `DEFENTROPY' on page 184 undefined on input line
 6130.


LaTeX Warning: Reference `DEFENTROPY' on page 184 undefined on input line 6130.



Underfull \hbox (badness 10000) in paragraph at lines 6130--6131

 []


Underfull \hbox (badness 10000) in paragraph at lines 6135--6136

 []


LaTeX Warning: Citation `shannon1948mathematical' on page 184 undefined on inpu
t line 6137.


Underfull \hbox (badness 10000) in paragraph at lines 6137--6138

 []


Underfull \hbox (badness 10000) in paragraph at lines 6141--6142

 []


Underfull \hbox (badness 10000) in paragraph at lines 6146--6147

 []



[184]
Underfull \hbox (badness 10000) in paragraph at lines 6150--6151

 []


Underfull \hbox (badness 10000) in paragraph at lines 6152--6153

 []


Overfull \hbox (2.12459pt too wide) detected at line 6156
[][][]\OT1/cmr/m/n/14.4 ^^H[](\OMS/cmsy/m/n/14.4 h[]i\OT1/cmr/m/n/14.4 ) = [] \
OMS/cmsy/m/n/14.4 ^^B [][][]\OT1/cmr/m/n/14.4 (\OML/cmm/m/it/14.4  []\OT1/cmr/m
/n/14.4 ) = [] \OMS/cmsy/m/n/14.4 ^^B \OT1/cmr/m/n/14.4 26 = [] = 1\OML/cmm/m/i
t/14.4 :\OT1/cmr/m/n/14.4 52941176470588235294
 []


Underfull \hbox (badness 10000) in paragraph at lines 6156--6157

 []


Underfull \hbox (badness 1442) in paragraph at lines 6180--6181
\OT1/cmr/m/n/14.4 re-late to the more com-mon-place, stan-dard information-theo
retic Shan-non
 []


Underfull \hbox (badness 10000) in paragraph at lines 6180--6181

 []


LaTeX Warning: Hyper reference `RES3' on page 185 undefined on input line 6185.



LaTeX Warning: Reference `RES3' on page 185 undefined on input line 6185.


LaTeX Warning: Hyper reference `SECPROP' on page 185 undefined on input line 61
85.


LaTeX Warning: Hyper reference `RES3' on page 185 undefined on input line 6185.



LaTeX Warning: Hyper reference `RES7' on page 185 undefined on input line 6185.



LaTeX Warning: Citation `lnspaper' on page 185 undefined on input line 6185.


LaTeX Warning: Hyper reference `RES7' on page 185 undefined on input line 6185.



LaTeX Warning: Citation `Lutalo2024TEATAZ' on page 185 undefined on input line 
6185.


LaTeX Warning: Hyper reference `SECFOUND' on page 185 undefined on input line 6
185.



[185]
Underfull \hbox (badness 10000) in paragraph at lines 6198--6198

 []


Underfull \hbox (badness 10000) in paragraph at lines 6198--6200

 []



pdfTeX warning: pdflatex (file ./resources/pdfs/trans_back_cover.pdf): PDF incl
usion: found PDF version <1.7>, but at most version <1.5> allowed
<resources/pdfs/trans_back_cover.pdf, id=2761, 596.98032pt x 844.65562pt>
File: resources/pdfs/trans_back_cover.pdf Graphic file (type pdf)
<use resources/pdfs/trans_back_cover.pdf>
Package pdftex.def Info: resources/pdfs/trans_back_cover.pdf  used on input lin
e 6206.
(pdftex.def)             Requested size: 596.97885pt x 844.65356pt.


pdfTeX warning: pdflatex (file ./resources/pdfs/trans_back_cover.pdf): PDF incl
usion: found PDF version <1.7>, but at most version <1.5> allowed
File: resources/pdfs/trans_back_cover.pdf Graphic file (type pdf)
<use resources/pdfs/trans_back_cover.pdf>
Package pdftex.def Info: resources/pdfs/trans_back_cover.pdf  used on input lin
e 6206.
(pdftex.def)             Requested size: 596.97885pt x 844.65356pt.


pdfTeX warning: pdflatex (file ./resources/pdfs/trans_back_cover.pdf): PDF incl
usion: found PDF version <1.7>, but at most version <1.5> allowed


pdfTeX warning: pdflatex (file ./resources/pdfs/trans_back_cover.pdf): PDF incl
usion: found PDF version <1.7>, but at most version <1.5> allowed
<resources/pdfs/trans_back_cover.pdf, id=2764, page=1, 596.98032pt x 844.65562p
t>
File: resources/pdfs/trans_back_cover.pdf Graphic file (type pdf)
<use resources/pdfs/trans_back_cover.pdf, page 1>
Package pdftex.def Info: resources/pdfs/trans_back_cover.pdf , page1 used on in
put line 6206.
(pdftex.def)             Requested size: 596.97885pt x 844.65356pt.
File: resources/pdfs/trans_back_cover.pdf Graphic file (type pdf)
<use resources/pdfs/trans_back_cover.pdf, page 1>
Package pdftex.def Info: resources/pdfs/trans_back_cover.pdf , page1 used on in
put line 6206.
(pdftex.def)             Requested size: 597.71669pt x 845.69751pt.


[186]
File: resources/pdfs/trans_back_cover.pdf Graphic file (type pdf)
<use resources/pdfs/trans_back_cover.pdf, page 1>
Package pdftex.def Info: resources/pdfs/trans_back_cover.pdf , page1 used on in
put line 6206.
(pdftex.def)             Requested size: 597.71669pt x 845.69751pt.
File: resources/pdfs/trans_back_cover.pdf Graphic file (type pdf)
<use resources/pdfs/trans_back_cover.pdf, page 1>
Package pdftex.def Info: resources/pdfs/trans_back_cover.pdf , page1 used on in
put line 6206.
(pdftex.def)             Requested size: 597.71669pt x 845.69751pt.


File: resources/pdfs/trans_back_cover.pdf Graphic file (type pdf)
<use resources/pdfs/trans_back_cover.pdf, page 1>
Package pdftex.def Info: resources/pdfs/trans_back_cover.pdf , page1 used on in
put line 6206.
(pdftex.def)             Requested size: 597.71669pt x 845.69751pt.
[187

 <./resources/pdfs/trans_back_cover.pdf>]

[188

]
Appendix F.

LaTeX Warning: Hyper reference `SECFOUND' on page 189 undefined on input line 6
237.


LaTeX Warning: Reference `SECFOUND' on page 189 undefined on input line 6237.


LaTeX Warning: Hyper reference `DEFTRANS' on page 189 undefined on input line 6
241.


LaTeX Warning: Reference `DEFTRANS' on page 189 undefined on input line 6241.


LaTeX Warning: Citation `axler2015linear' on page 189 undefined on input line 6
241.


LaTeX Warning: Citation `rudin1976principles' on page 189 undefined on input li
ne 6241.


Overfull \hbox (23.71848pt too wide) in paragraph at lines 6247--6266
 [] 
 []



[189]

LaTeX Warning: Citation `halmos1960naive' on page 190 undefined on input line 6
272.


LaTeX Warning: Citation `fitzpatrick1995advanced' on page 190 undefined on inpu
t line 6274.


Underfull \hbox (badness 10000) in paragraph at lines 6283--6284
[]\OT1/cmtt/m/n/14.4 For a set A, the membership of the element $\OML/cmm/m/it/
14.4 x$ \OT1/cmtt/m/n/14.4 in A is
 []


Underfull \hbox (badness 10000) in paragraph at lines 6283--6284
\OT1/cmtt/m/n/14.4 in A. Two sets are the same if and only if they have the
 []


Underfull \hbox (badness 10000) in paragraph at lines 6283--6284
\OT1/cmtt/m/n/14.4 same members. Frequently sets will be denoted by braces, so
 []


Underfull \hbox (badness 10000) in paragraph at lines 6283--6284
\OT1/cmtt/m/n/14.4 that $\OMS/cmsy/m/n/14.4 f\OML/cmm/m/it/14.4 x \OMS/cmsy/m/n
/14.4 j []g$ \OT1/cmtt/m/n/14.4 is the set of all elements
 []


LaTeX Warning: Citation `nef1967linear' on page 190 undefined on input line 629
2.



[190]

LaTeX Warning: Hyper reference `EQSETNOT' on page 191 undefined on input line 6
302.


LaTeX Warning: Reference `EQSETNOT' on page 191 undefined on input line 6302.


LaTeX Warning: Hyper reference `TABCOMPCONCEPTS' on page 191 undefined on input
 line 6302.


LaTeX Warning: Reference `TABCOMPCONCEPTS' on page 191 undefined on input line 
6302.


LaTeX Warning: Citation `copilot_dna_assistant' on page 191 undefined on input 
line 6320.


LaTeX Warning: Citation `transformatics' on page 191 undefined on input line 63
20.


LaTeX Warning: Citation `rudin1976principles' on page 191 undefined on input li
ne 6328.


LaTeX Warning: Citation `Lutalo2025_transformatics_thesis' on page 191 undefine
d on input line 6328.


LaTeX Warning: Hyper reference `SECFOUND' on page 191 undefined on input line 6
328.


LaTeX Warning: Reference `SECFOUND' on page 191 undefined on input line 6328.


LaTeX Warning: Hyper reference `DEFTRANS' on page 191 undefined on input line 6
328.


LaTeX Warning: Reference `DEFTRANS' on page 191 undefined on input line 6328.



[191]

LaTeX Warning: Hyper reference `PROP9' on page 192 undefined on input line 6354
.


LaTeX Warning: Reference `PROP9' on page 192 undefined on input line 6354.


LaTeX Warning: Citation `fitzpatrick1995advanced' on page 192 undefined on inpu
t line 6374.


LaTeX Warning: Citation `fitzpatrick1995advanced' on page 192 undefined on inpu
t line 6385.


LaTeX Warning: Citation `ronlarsoncalculus' on page 192 undefined on input line
 6385.



[192]

LaTeX Warning: Citation `Lutalo2024gtnc' on page 193 undefined on input line 63
89.


LaTeX Warning: Citation `adtpaper' on page 193 undefined on input line 6389.


LaTeX Warning: Citation `ossipaper' on page 193 undefined on input line 6389.


LaTeX Warning: Citation `transformatics' on page 193 undefined on input line 63
89.


LaTeX Warning: Citation `copilot_dna_assistant' on page 193 undefined on input 
line 6407.


Underfull \vbox (badness 4403) has occurred while \output is active []



[193]

LaTeX Warning: Citation `knopp1990theory' on page 194 undefined on input line 6
421.


LaTeX Warning: Citation `nef1967linear' on page 194 undefined on input line 642
1.


LaTeX Warning: Citation `fitzpatrick1995advanced' on page 194 undefined on inpu
t line 6425.


LaTeX Warning: Hyper reference `EQSLINCOMBA' on page 194 undefined on input lin
e 6441.


LaTeX Warning: Reference `EQSLINCOMBA' on page 194 undefined on input line 6441
.


LaTeX Warning: Hyper reference `EQSLINCOMBB' on page 194 undefined on input lin
e 6441.


LaTeX Warning: Reference `EQSLINCOMBB' on page 194 undefined on input line 6441
.


LaTeX Warning: Citation `axler2015linear' on page 194 undefined on input line 6
449.


LaTeX Warning: Citation `ronlarsoncalculus' on page 194 undefined on input line
 6449.



[194]

LaTeX Warning: Citation `ronlarsoncalculus' on page 195 undefined on input line
 6480.


Underfull \hbox (badness 10000) in paragraph at lines 6489--6490
[]\OT1/cmtt/m/n/14.4 The components of v = $[]$, where P = ($\OML/cmm/m/it/14.4
 a[]$\OT1/cmtt/m/n/14.4 ,$\OML/cmm/m/it/14.4 b[]$\OT1/cmtt/m/n/14.4 ) and Q
 []


Underfull \hbox (badness 10000) in paragraph at lines 6489--6490
\OT1/cmtt/m/n/14.4 = ($\OML/cmm/m/it/14.4 a[]$\OT1/cmtt/m/n/14.4 ,$\OML/cmm/m/i
t/14.4 b[]$\OT1/cmtt/m/n/14.4 ), are the quantities [such that] $\OML/cmm/m/it/
14.4 a \OT1/cmr/m/n/14.4 = \OML/cmm/m/it/14.4 a[] \OMS/cmsy/m/n/14.4 ^^@ \OML/c
mm/m/it/14.4 a[]$
 []



[195]

LaTeX Warning: Citation `copilot_dna_assistant' on page 196 undefined on input 
line 6507.


LaTeX Warning: Hyper reference `PROP8' on page 196 undefined on input line 6507
.


LaTeX Warning: Reference `PROP8' on page 196 undefined on input line 6507.


LaTeX Warning: Citation `nef1967linear' on page 196 undefined on input line 652
0.



[196]

LaTeX Warning: Citation `strang2016introduction' on page 197 undefined on input
 line 6532.


LaTeX Warning: Citation `nef1967linear' on page 197 undefined on input line 653
2.


LaTeX Warning: Citation `copilot_dna_assistant' on page 197 undefined on input 
line 6557.


LaTeX Warning: Hyper reference `SECTRANSLAG' on page 197 undefined on input lin
e 6557.


LaTeX Warning: Reference `SECTRANSLAG' on page 197 undefined on input line 6557
.



[197]

LaTeX Warning: Citation `kolmogorov1970introductory' on page 198 undefined on i
nput line 6563.


LaTeX Warning: Citation `Lutalo2025_transformatics_thesis' on page 198 undefine
d on input line 6572.


LaTeX Warning: Citation `Lutalo2025transpsy' on page 198 undefined on input lin
e 6572.


LaTeX Warning: Citation `Lutalo2024TEATAZ' on page 198 undefined on input line 
6572.


LaTeX Warning: Citation `lutalo_2025_grimlumtauto' on page 198 undefined on inp
ut line 6572.


LaTeX Warning: Citation `transformatics' on page 198 undefined on input line 65
80.


LaTeX Warning: Hyper reference `SECPROP' on page 198 undefined on input line 65
80.


LaTeX Warning: Reference `SECPROP' on page 198 undefined on input line 6580.


LaTeX Warning: Citation `clarke1992basic' on page 198 undefined on input line 6
580.



[198]

LaTeX Warning: Citation `copilot_dna_assistant' on page 199 undefined on input 
line 6595.


LaTeX Warning: Citation `copilot_dna_assistant' on page 199 undefined on input 
line 6595.


LaTeX Warning: Citation `nef1967linear' on page 199 undefined on input line 659
5.


LaTeX Warning: Hyper reference `SECDEFSTRUCTURES' on page 199 undefined on inpu
t line 6595.


LaTeX Warning: Reference `SECDEFSTRUCTURES' on page 199 undefined on input line
 6595.


LaTeX Warning: Hyper reference `PROP8' on page 199 undefined on input line 6595
.


LaTeX Warning: Reference `PROP8' on page 199 undefined on input line 6595.


LaTeX Warning: Citation `nef1967linear' on page 199 undefined on input line 659
5.


Underfull \hbox (badness 10000) in paragraph at lines 6609--6610
[]\OT1/cmtt/m/n/14.4 Instead of ordered sets of $\OML/cmm/m/it/14.4 n$ \OT1/cmt
t/m/n/14.4 real numbers, we can also
 []


Underfull \hbox (badness 10000) in paragraph at lines 6609--6610
\OT1/cmtt/m/n/14.4 consider countably infinite sequences of real numbers, i.e.,

 []


Underfull \hbox (badness 6063) in paragraph at lines 6609--6610
\OML/cmm/m/it/14.4 x \OT1/cmr/m/n/14.4 = (\OML/cmm/m/it/14.4 ^^X[]; ^^X[]; ^^X[
]; [] \OT1/cmr/m/n/14.4 )$\OT1/cmtt/m/n/14.4 . Addition and multiplication by s
calars
 []


Underfull \hbox (badness 10000) in paragraph at lines 6609--6610
\OT1/cmtt/m/n/14.4 can be defined... term by term... and in this way, a new
 []


Underfull \hbox (badness 10000) in paragraph at lines 6609--6610
\OT1/cmtt/m/n/14.4 real vector space is constructed which we call the space of
 []


LaTeX Warning: Citation `nef1967linear' on page 199 undefined on input line 661
2.


Underfull \vbox (badness 10000) has occurred while \output is active []



[199]

LaTeX Warning: Citation `transformatics' on page 200 undefined on input line 66
20.


LaTeX Warning: Citation `treealgebras_review' on page 200 undefined on input li
ne 6620.



[200]

LaTeX Warning: Hyper reference `EQAXIOMALG' on page 201 undefined on input line
 6675.


LaTeX Warning: Reference `EQAXIOMALG' on page 201 undefined on input line 6675.




[201]

LaTeX Warning: Hyper reference `TRANSSQUAR' on page 202 undefined on input line
 6755.


LaTeX Warning: Reference `TRANSSQUAR' on page 202 undefined on input line 6755.



LaTeX Warning: Hyper reference `EQSQUARTRANS1' on page 202 undefined on input l
ine 6755.


LaTeX Warning: Reference `EQSQUARTRANS1' on page 202 undefined on input line 67
55.


LaTeX Warning: Hyper reference `EQSQUARTRANS2' on page 202 undefined on input l
ine 6755.


LaTeX Warning: Reference `EQSQUARTRANS2' on page 202 undefined on input line 67
55.


LaTeX Warning: Hyper reference `TRANSSQUAR' on page 202 undefined on input line
 6763.


LaTeX Warning: Reference `TRANSSQUAR' on page 202 undefined on input line 6763.



LaTeX Warning: Citation `transformatics' on page 202 undefined on input line 67
63.


LaTeX Warning: Citation `Lutalo2024TEATAZ' on page 202 undefined on input line 
6763.


LaTeX Warning: Citation `lutalo_2025_grimlumtauto' on page 202 undefined on inp
ut line 6763.



[202]

[203]

LaTeX Warning: Hyper reference `EQAXIOMALG' on page 204 undefined on input line
 6826.


LaTeX Warning: Reference `EQAXIOMALG' on page 204 undefined on input line 6826.



LaTeX Warning: Hyper reference `EQTRANSLINALG1' on page 204 undefined on input 
line 6837.


LaTeX Warning: Reference `EQTRANSLINALG1' on page 204 undefined on input line 6
837.


LaTeX Warning: Hyper reference `EQTRANSLINALG2' on page 204 undefined on input 
line 6837.


LaTeX Warning: Reference `EQTRANSLINALG2' on page 204 undefined on input line 6
837.


LaTeX Warning: Citation `transformatics' on page 204 undefined on input line 68
41.



[204]

LaTeX Warning: Citation `fitzpatrick1995advanced' on page 205 undefined on inpu
t line 6846.


LaTeX Warning: Citation `nef1967linear' on page 205 undefined on input line 685
1.


Underfull \hbox (badness 10000) in paragraph at lines 6862--6863
[]\OT1/cmtt/m/n/14.4 General Mappings:[] Let $\OML/cmm/m/it/14.4 E$ \OT1/cmtt/m
/n/14.4 and $\OML/cmm/m/it/14.4 F$ \OT1/cmtt/m/n/14.4 be two sets. A \OT1/cmtt/
m/it/14.4 mapping
 []


Underfull \hbox (badness 10000) in paragraph at lines 6862--6863

 []


Underfull \hbox (badness 10000) in paragraph at lines 6864--6865
\OT1/cmtt/m/n/14.4 by the mapping $\OML/cmm/m/it/14.4 f$ \OT1/cmtt/m/n/14.4 is 
called the \OT1/cmtt/m/it/14.4 image \OT1/cmtt/m/n/14.4 of $\OML/cmm/m/it/14.4 
x$ \OT1/cmtt/m/n/14.4 under $\OML/cmm/m/it/14.4 f$ \OT1/cmtt/m/n/14.4 and is
 []


Underfull \hbox (badness 10000) in paragraph at lines 6864--6865
\OT1/cmtt/m/n/14.4 denoted by $\OML/cmm/m/it/14.4 f\OT1/cmr/m/n/14.4 (\OML/cmm/
m/it/14.4 x\OT1/cmr/m/n/14.4 )$\OT1/cmtt/m/n/14.4 . The set $\OML/cmm/m/it/14.4
 E$ \OT1/cmtt/m/n/14.4 is called the \OT1/cmtt/m/it/14.4 domain \OT1/cmtt/m/n/1
4.4 of $\OML/cmm/m/it/14.4 f$ \OT1/cmtt/m/n/14.4 and
 []


LaTeX Warning: Citation `nef1967linear' on page 205 undefined on input line 686
7.


Underfull \hbox (badness 10000) in paragraph at lines 6887--6889
[]\OT1/cmtt/m/n/14.4 Mappings will usually be denoted by small Roman letters
 []


Underfull \hbox (badness 1546) in paragraph at lines 6887--6889
\OT1/cmtt/m/n/14.4 When an element $\OML/cmm/m/it/14.4 x \OMS/cmsy/m/n/14.4 2 \
OML/cmm/m/it/14.4 E$ \OT1/cmtt/m/n/14.4 goes into the element $\OML/cmm/m/it/14
.4 y \OMS/cmsy/m/n/14.4 2 \OML/cmm/m/it/14.4 F$ \OT1/cmtt/m/n/14.4 under
 []


Underfull \hbox (badness 10000) in paragraph at lines 6887--6889
\OT1/cmtt/m/n/14.4 the mapping $\OML/cmm/m/it/14.4 f$\OT1/cmtt/m/n/14.4 , this 
will be indicated by the notation
 []


LaTeX Warning: Citation `nef1967linear' on page 205 undefined on input line 689
1.


Underfull \vbox (badness 10000) has occurred while \output is active []



[205]

LaTeX Warning: Hyper reference `TRANSFMAPPINGS' on page 206 undefined on input 
line 6914.


LaTeX Warning: Reference `TRANSFMAPPINGS' on page 206 undefined on input line 6
914.


LaTeX Warning: Hyper reference `TRANSSQUAR' on page 206 undefined on input line
 6914.


LaTeX Warning: Reference `TRANSSQUAR' on page 206 undefined on input line 6914.



LaTeX Warning: Hyper reference `TRANSFDECTONASEQ' on page 206 undefined on inpu
t line 6914.


LaTeX Warning: Reference `TRANSFDECTONASEQ' on page 206 undefined on input line
 6914.


LaTeX Warning: Hyper reference `TRANSFGEOSERIES' on page 206 undefined on input
 line 6914.


LaTeX Warning: Reference `TRANSFGEOSERIES' on page 206 undefined on input line 
6914.


LaTeX Warning: Citation `ronlarsoncalculus' on page 206 undefined on input line
 6921.


LaTeX Warning: Citation `fitzpatrick1995advanced' on page 206 undefined on inpu
t line 6921.


LaTeX Warning: Citation `Grossman1986CalculusOneVariable' on page 206 undefined
 on input line 6921.


LaTeX Warning: Citation `Grossman1986CalculusOneVariable' on page 206 undefined
 on input line 6921.


LaTeX Warning: Citation `fitzpatrick1995advanced' on page 206 undefined on inpu
t line 6921.



[206]
Underfull \hbox (badness 10000) in paragraph at lines 6930--6931
[]\OT1/cmtt/m/n/14.4 Definition 1 SEQUENCE: A sequence of real numbers is
 []


Underfull \hbox (badness 10000) in paragraph at lines 6930--6931
\OT1/cmtt/m/n/14.4 a function whose domain is the set of positive integers.
 []


Underfull \hbox (badness 10000) in paragraph at lines 6930--6931
\OT1/cmtt/m/n/14.4 The values taken by the function are called terms of the
 []


Underfull \hbox (badness 10000) in paragraph at lines 6930--6931

 []


Underfull \hbox (badness 10000) in paragraph at lines 6932--6933
[]\OT1/cmtt/m/n/14.4 NOTATION. We will often denote the terms of a sequence by
 []


Underfull \hbox (badness 10000) in paragraph at lines 6932--6933
\OML/cmm/m/it/14.4 a[]$\OT1/cmtt/m/n/14.4 . Thus, if the function given by Defi
nition 1 is $\OML/cmm/m/it/14.4 f$\OT1/cmtt/m/n/14.4 , then
 []


Underfull \hbox (badness 7468) in paragraph at lines 6932--6933
\OML/cmm/m/it/14.4 a[] \OT1/cmr/m/n/14.4 = \OML/cmm/m/it/14.4 f\OT1/cmr/m/n/14.
4 (\OML/cmm/m/it/14.4 n\OT1/cmr/m/n/14.4 )$\OT1/cmtt/m/n/14.4 . With this notat
ion, \OT1/cmtt/m/it/14.4 we can denote the set of
 []


Underfull \hbox (badness 10000) in paragraph at lines 6932--6933

 []


Underfull \hbox (badness 10000) in paragraph at lines 6934--6935

 []


Underfull \hbox (badness 10000) in paragraph at lines 6936--6937

 []


Underfull \hbox (badness 10000) in paragraph at lines 6938--6939

 []


Underfull \hbox (badness 10000) in paragraph at lines 6940--6941

 []


Underfull \hbox (badness 10000) in paragraph at lines 6942--6943
[]\OT1/cmtt/m/n/14.4 We sometimes denote a sequence by writing out the values
 []


LaTeX Warning: Citation `Grossman1986CalculusOneVariable' on page 207 undefined
 on input line 6945.


LaTeX Warning: Hyper reference `DEFTRANS' on page 207 undefined on input line 6
953.


LaTeX Warning: Reference `DEFTRANS' on page 207 undefined on input line 6953.


LaTeX Warning: Hyper reference `DEFTRANS2' on page 207 undefined on input line 
6953.


LaTeX Warning: Reference `DEFTRANS2' on page 207 undefined on input line 6953.


LaTeX Warning: Hyper reference `SECDEFSTRUCTURES' on page 207 undefined on inpu
t line 6958.


LaTeX Warning: Reference `SECDEFSTRUCTURES' on page 207 undefined on input line
 6958.


LaTeX Warning: Citation `ronlarsoncalculus' on page 207 undefined on input line
 6958.


LaTeX Warning: Citation `Grossman1986CalculusOneVariable' on page 207 undefined
 on input line 6958.


LaTeX Warning: Citation `ronlarsoncalculus' on page 207 undefined on input line
 6958.


Underfull \vbox (badness 10000) has occurred while \output is active []



[207]

LaTeX Warning: Hyper reference `SEC4' on page 208 undefined on input line 6964.



LaTeX Warning: Reference `SEC4' on page 208 undefined on input line 6964.


Underfull \hbox (badness 10000) in paragraph at lines 6974--6975
[]\OT1/cmtt/m/n/14.4 Definition 1 INFINITE SERIES: Let $\OMS/cmsy/m/n/14.4 f\OM
L/cmm/m/it/14.4 a[]\OMS/cmsy/m/n/14.4 g$ \OT1/cmtt/m/n/14.4 be a sequence.
 []


Underfull \hbox (badness 10000) in paragraph at lines 6974--6975

 []


LaTeX Warning: Hyper reference `EQINFISERIES' on page 208 undefined on input li
ne 6981.


LaTeX Warning: Reference `EQINFISERIES' on page 208 undefined on input line 698
1.


Underfull \hbox (badness 10000) in paragraph at lines 6981--6982
[]\OT1/cmtt/m/n/14.4 is called an infinite series (or, simply, series). Each
 []


Underfull \hbox (badness 10000) in paragraph at lines 6981--6982
\OML/cmm/m/it/14.4 a[]$ \OT1/cmtt/m/n/14.4 in Equation [] is called a term of t
he series. The
 []


Underfull \hbox (badness 10000) in paragraph at lines 6981--6982

 []


Underfull \hbox (badness 10000) in paragraph at lines 6988--6989
[]\OT1/cmtt/m/n/14.4 The term $\OML/cmm/m/it/14.4 S[]$ \OT1/cmtt/m/n/14.4 is ca
lled the $\OML/cmm/m/it/14.4 n$\OT1/cmtt/m/n/14.4 th partial sum of the series.

 []


Underfull \hbox (badness 10000) in paragraph at lines 6988--6989
\OT1/cmtt/m/n/14.4 If the sequence of partial sums $\OMS/cmsy/m/n/14.4 f\OML/cm
m/m/it/14.4 S[]\OMS/cmsy/m/n/14.4 g$ \OT1/cmtt/m/n/14.4 converges to $\OML/cmm/
m/it/14.4 L$\OT1/cmtt/m/n/14.4 , then
 []


Underfull \hbox (badness 10000) in paragraph at lines 6988--6989
\OT1/cmtt/m/n/14.4 we say that the infinite series $[] \OML/cmm/m/it/14.4 a[]$ 
\OT1/cmtt/m/n/14.4 converges to $\OML/cmm/m/it/14.4 L$\OT1/cmtt/m/n/14.4 , and 
we
 []


Underfull \hbox (badness 10000) in paragraph at lines 6988--6989

 []


LaTeX Warning: Citation `Grossman1986CalculusOneVariable' on page 208 undefined
 on input line 6997.


Underfull \vbox (badness 10000) has occurred while \output is active []



[208]

LaTeX Warning: Citation `ronlarsoncalculus' on page 209 undefined on input line
 7005.


Underfull \hbox (badness 10000) in paragraph at lines 7016--7017

 []


Underfull \hbox (badness 10000) in paragraph at lines 7022--7023
[]\OT1/cmtt/m/n/14.4 When it is not necessary to specify the starting point,
 []


Underfull \hbox (badness 10000) in paragraph at lines 7022--7023
\OT1/cmtt/m/n/14.4 we write simply $[] \OML/cmm/m/it/14.4 a[]$\OT1/cmtt/m/n/14.
4 . Any letter may be used for the
 []


LaTeX Warning: Citation `ronlarsoncalculus' on page 209 undefined on input line
 7025.


Underfull \vbox (badness 10000) has occurred while \output is active []



[209]

LaTeX Warning: Citation `fitzpatrick1995advanced' on page 210 undefined on inpu
t line 7033.


LaTeX Warning: Citation `fitzpatrick1995advanced' on page 210 undefined on inpu
t line 7044.


LaTeX Warning: Citation `ronlarsoncalculus' on page 210 undefined on input line
 7055.


LaTeX Warning: Citation `fitzpatrick1995advanced' on page 210 undefined on inpu
t line 7055.


LaTeX Warning: Citation `Grossman1986CalculusOneVariable' on page 210 undefined
 on input line 7055.


Underfull \hbox (badness 1838) in paragraph at lines 7062--7072
[][]\OT1/cmr/bx/n/14.4 Transformer 20 \OT1/cmr/m/n/14.4 (The \OT1/cmr/bx/n/14.4
 Generic Ge-o-met-ric Se-ries Sum Gen-er-a-tor\OT1/cmr/m/n/14.4 ,
 []



[210]

LaTeX Warning: Hyper reference `TRANSFGEOSERIES' on page 211 undefined on input
 line 7079.


LaTeX Warning: Reference `TRANSFGEOSERIES' on page 211 undefined on input line 
7079.


LaTeX Warning: Hyper reference `RES9' on page 211 undefined on input line 7079.



LaTeX Warning: Citation `lutalo2025transformatic' on page 211 undefined on inpu
t line 7079.


LaTeX Warning: Hyper reference `EQGEOMSERIES' on page 211 undefined on input li
ne 7079.


LaTeX Warning: Reference `EQGEOMSERIES' on page 211 undefined on input line 707
9.


LaTeX Warning: Hyper reference `TRANSFGEOSERIES' on page 211 undefined on input
 line 7079.


LaTeX Warning: Reference `TRANSFGEOSERIES' on page 211 undefined on input line 
7079.


LaTeX Warning: Citation `Grossman1986CalculusOneVariable' on page 211 undefined
 on input line 7079.


LaTeX Warning: Hyper reference `SECRELLINALG' on page 211 undefined on input li
ne 7084.


LaTeX Warning: Reference `SECRELLINALG' on page 211 undefined on input line 708
4.


LaTeX Warning: Citation `ronlarsoncalculus' on page 211 undefined on input line
 7089.



[211]
Underfull \hbox (badness 3792) in paragraph at lines 7100--7101
[]\OT1/cmtt/m/n/14.4 A function $\OML/cmm/m/it/14.4 G \OT1/cmr/m/n/14.4 : \OML/
cmm/m/it/14.4 X \OMS/cmsy/m/n/14.4 ! \OML/cmm/m/it/14.4 Y$ \OT1/cmtt/m/n/14.4 f
rom a set $\OML/cmm/m/it/14.4 X$ \OT1/cmtt/m/n/14.4 (the domain) to
 []


Underfull \hbox (badness 10000) in paragraph at lines 7100--7101
\OT1/cmtt/m/n/14.4 another set $\OML/cmm/m/it/14.4 Y$ \OT1/cmtt/m/n/14.4 is oft
en called a map or a mapping. For
 []


Underfull \hbox (badness 10000) in paragraph at lines 7100--7101
\OML/cmm/m/it/14.4 x \OMS/cmsy/m/n/14.4 2 \OML/cmm/m/it/14.4 X$\OT1/cmtt/m/n/14
.4 , the element $\OML/cmm/m/it/14.4 G\OT1/cmr/m/n/14.4 (\OML/cmm/m/it/14.4 x\O
T1/cmr/m/n/14.4 )$ \OT1/cmtt/m/n/14.4 belongs to $\OML/cmm/m/it/14.4 Y$ \OT1/cm
tt/m/n/14.4 and is called the
 []


Underfull \hbox (badness 10000) in paragraph at lines 7100--7101
\OT1/cmtt/m/n/14.4 image of $\OML/cmm/m/it/14.4 x$\OT1/cmtt/m/n/14.4 . The set 
of all images $\OML/cmm/m/it/14.4 G\OT1/cmr/m/n/14.4 (\OML/cmm/m/it/14.4 x\OT1/
cmr/m/n/14.4 )$ \OT1/cmtt/m/n/14.4 is called the image
 []


LaTeX Warning: Citation `ronlarsoncalculus' on page 212 undefined on input line
 7103.


LaTeX Warning: Hyper reference `TRANSFMAPPINGSCALC' on page 212 undefined on in
put line 7127.


LaTeX Warning: Reference `TRANSFMAPPINGSCALC' on page 212 undefined on input li
ne 7127.


LaTeX Warning: Hyper reference `TRANSFMAPPINGS' on page 212 undefined on input 
line 7127.


LaTeX Warning: Reference `TRANSFMAPPINGS' on page 212 undefined on input line 7
127.


LaTeX Warning: Citation `Grossman1986CalculusOneVariable' on page 212 undefined
 on input line 7127.


LaTeX Warning: Hyper reference `EQNDIFFSUBST' on page 212 undefined on input li
ne 7144.


LaTeX Warning: Reference `EQNDIFFSUBST' on page 212 undefined on input line 714
4.


Underfull \hbox (badness 10000) in paragraph at lines 7144--7145

 []


Overfull \hbox (2.7716pt too wide) detected at line 7146
[] []\OT1/cmr/m/n/14.4 ([]) = [] [](\OML/cmm/m/it/14.4 u\OT1/cmr/m/n/14.4 ) = \
OMS/cmsy/m/n/14.4 ^^@ []\OT1/cmr/m/n/14.4 (\OML/cmm/m/it/14.4 u\OT1/cmr/m/n/14.
4 )[] = (\OMS/cmsy/m/n/14.4 ^^@ []\OT1/cmr/m/n/14.4 ([]))([]) = []
 []


LaTeX Warning: Citation `Grossman1986CalculusOneVariable' on page 212 undefined
 on input line 7150.


Underfull \vbox (badness 10000) has occurred while \output is active []



[212]
Underfull \hbox (badness 10000) in paragraph at lines 7167--7168

 []


Underfull \hbox (badness 10000) in paragraph at lines 7169--7170

 []


Underfull \hbox (badness 10000) in paragraph at lines 7173--7174

 []


LaTeX Warning: Citation `Grossman1986CalculusOneVariable' on page 213 undefined
 on input line 7179.


LaTeX Warning: Hyper reference `TRANSINTEGRAL' on page 213 undefined on input l
ine 7201.


LaTeX Warning: Reference `TRANSINTEGRAL' on page 213 undefined on input line 72
01.


LaTeX Warning: Hyper reference `TRANSF3' on page 213 undefined on input line 72
01.


LaTeX Warning: Reference `TRANSF3' on page 213 undefined on input line 7201.


LaTeX Warning: Hyper reference `PROP9' on page 213 undefined on input line 7201
.


LaTeX Warning: Reference `PROP9' on page 213 undefined on input line 7201.


Underfull \vbox (badness 10000) has occurred while \output is active []



[213]

LaTeX Warning: Citation `fitzpatrick1995advanced' on page 214 undefined on inpu
t line 7205.


Underfull \hbox (badness 10000) in paragraph at lines 7215--7216
\OT1/cmtt/m/n/14.4 that $\OML/cmm/m/it/14.4 f\OT1/cmr/m/n/14.4 (\OML/cmm/m/it/1
4.4 D\OT1/cmr/m/n/14.4 )$ \OT1/cmtt/m/n/14.4 is contained in $\OML/cmm/m/it/14.
4 U$\OT1/cmtt/m/n/14.4 , we define the composition of
 []


Underfull \hbox (badness 10000) in paragraph at lines 7215--7216

 []


LaTeX Warning: Citation `fitzpatrick1995advanced' on page 214 undefined on inpu
t line 7220.


LaTeX Warning: Hyper reference `TRANSINTEGRAL' on page 214 undefined on input l
ine 7227.


LaTeX Warning: Reference `TRANSINTEGRAL' on page 214 undefined on input line 72
27.


LaTeX Warning: Hyper reference `TRANSTEAPROG' on page 214 undefined on input li
ne 7227.


LaTeX Warning: Reference `TRANSTEAPROG' on page 214 undefined on input line 722
7.


LaTeX Warning: Hyper reference `TRANSFFUNCOMPOS' on page 214 undefined on input
 line 7242.


LaTeX Warning: Reference `TRANSFFUNCOMPOS' on page 214 undefined on input line 
7242.


LaTeX Warning: Hyper reference `LSTSCGEN' on page 214 undefined on input line 7
242.


LaTeX Warning: Reference `LSTSCGEN' on page 214 undefined on input line 7242.


LaTeX Warning: Hyper reference `SECFANAL' on page 214 undefined on input line 7
242.


LaTeX Warning: Reference `SECFANAL' on page 214 undefined on input line 7242.



[214]

LaTeX Warning: Citation `Wang2012' on page 215 undefined on input line 7262.


Underfull \hbox (badness 10000) in paragraph at lines 7276--7277
[]\OT1/cmtt/m/n/14.4 A physical signal can always be represented as a real-
 []


Underfull \hbox (badness 10000) in paragraph at lines 7276--7277
\OT1/cmtt/m/n/14.4 or complex-valued continuous function of time $\OML/cmm/m/it
/14.4 x\OT1/cmr/m/n/14.4 (\OML/cmm/m/it/14.4 t\OT1/cmr/m/n/14.4 )$ \OT1/cmtt/m/
n/14.4 (unless
 []


Underfull \hbox (badness 10000) in paragraph at lines 7276--7277
\OT1/cmtt/m/n/14.4 specified otherwise, such as a function of space). The
 []


Underfull \hbox (badness 10000) in paragraph at lines 7276--7277
\OT1/cmtt/m/n/14.4 continuous signal can be sampled to become a discrete signal

 []


Underfull \hbox (badness 10000) in paragraph at lines 7276--7277
\OML/cmm/m/it/14.4 x\OT1/cmr/m/n/14.4 [\OML/cmm/m/it/14.4 n\OT1/cmr/m/n/14.4 ]$
\OT1/cmtt/m/n/14.4 . If the time interval between two consecutive samples
 []


Underfull \hbox (badness 10000) in paragraph at lines 7276--7277

 []


Underfull \hbox (badness 10000) in paragraph at lines 7284--7292
[]\OT1/cmtt/m/n/14.4 In either the continuous or discrete case, a signal
 []


Underfull \hbox (badness 10000) in paragraph at lines 7284--7292
\OT1/cmtt/m/n/14.4 can be assumed in theory to have infinite duration; i.e.,
 []


Underfull \hbox (badness 10000) in paragraph at lines 7284--7292
\OT1/cmtt/m/n/14.4 any signal in practice is finite and can be considered as
 []


Underfull \hbox (badness 10000) in paragraph at lines 7284--7292
\OT1/cmtt/m/n/14.4 the truncated version of a signal of infinite duration.
 []


Underfull \hbox (badness 5133) in paragraph at lines 7284--7292
\OT1/cmtt/m/n/14.4 We typically assume $\OT1/cmr/m/n/14.4 0 \OMS/cmsy/m/n/14.4 
^^T \OML/cmm/m/it/14.4 t \OMS/cmsy/m/n/14.4 ^^T \OML/cmm/m/it/14.4 T$ \OT1/cmtt
/m/n/14.4 for a finite continuous
 []


Underfull \hbox (badness 10000) in paragraph at lines 7284--7292
\OT1/cmtt/m/n/14.4 for certain convenience) for a discrete signal $\OML/cmm/m/i
t/14.4 x\OT1/cmr/m/n/14.4 [\OML/cmm/m/it/14.4 n\OT1/cmr/m/n/14.4 ]$\OT1/cmtt/m/
n/14.4 . The
 []


Underfull \hbox (badness 4303) in paragraph at lines 7284--7292
\OT1/cmtt/m/n/14.4 value of such a finite signal $\OML/cmm/m/it/14.4 x\OT1/cmr/
m/n/14.4 (\OML/cmm/m/it/14.4 t\OT1/cmr/m/n/14.4 )$ \OT1/cmtt/m/n/14.4 is not de
fined if $\OML/cmm/m/it/14.4 t < \OT1/cmr/m/n/14.4 0$
 []


Underfull \hbox (badness 10000) in paragraph at lines 7284--7292
\OT1/cmtt/m/n/14.4 However, for mathematical convenience we could sometimes
 []


Underfull \hbox (badness 10000) in paragraph at lines 7284--7292

 []


Underfull \hbox (badness 10000) in paragraph at lines 7294--7298
[]\OT1/cmtt/m/n/14.4 A discrete signal can also be represented as a vector
 []


Underfull \hbox (badness 4927) in paragraph at lines 7294--7298
\OML/cmm/m/it/14.4 x \OT1/cmr/m/n/14.4 = [[]  \OML/cmm/m/it/14.4 ; x\OT1/cmr/m/
n/14.4 [\OML/cmm/m/it/14.4 n \OMS/cmsy/m/n/14.4 ^^@ \OT1/cmr/m/n/14.4 1]\OML/cm
m/m/it/14.4 ; x\OT1/cmr/m/n/14.4 [\OML/cmm/m/it/14.4 n\OT1/cmr/m/n/14.4 ]\OML/c
mm/m/it/14.4 ; x\OT1/cmr/m/n/14.4 [\OML/cmm/m/it/14.4 n \OT1/cmr/m/n/14.4 + 1]\
OML/cmm/m/it/14.4 ; [] \OT1/cmr/m/n/14.4 ][]$ \OT1/cmtt/m/n/14.4 of finite or i
nfinite
 []


Underfull \hbox (badness 10000) in paragraph at lines 7294--7298
\OT1/cmtt/m/n/14.4 dimensions composed of all of its samples or components as
 []


Underfull \hbox (badness 10000) in paragraph at lines 7294--7298
\OT1/cmtt/m/n/14.4 the vector elements. We will always represent a discrete
 []


LaTeX Warning: Citation `Wang2012' on page 215 undefined on input line 7300.


Underfull \vbox (badness 10000) has occurred while \output is active []



[215]
Underfull \hbox (badness 10000) in paragraph at lines 7308--7309

 []


Underfull \hbox (badness 10000) in paragraph at lines 7317--7318
[]\OT1/cmtt/m/n/14.4 Any of the arithmetic operations (addition/subtraction
 []


Underfull \hbox (badness 10000) in paragraph at lines 7317--7318
\OT1/cmtt/m/n/14.4 and multiplication/division) can be applied to two
 []


Underfull \hbox (badness 10000) in paragraph at lines 7317--7318
\OT1/cmtt/m/n/14.4 continuous signal $\OML/cmm/m/it/14.4 x\OT1/cmr/m/n/14.4 (\O
ML/cmm/m/it/14.4 t\OT1/cmr/m/n/14.4 )$ \OT1/cmtt/m/n/14.4 and $\OML/cmm/m/it/14
.4 y\OT1/cmr/m/n/14.4 (\OML/cmm/m/it/14.4 t\OT1/cmr/m/n/14.4 )$\OT1/cmtt/m/n/14
.4 , or two discrete signals x[n]
 []


Underfull \hbox (badness 10000) in paragraph at lines 7317--7318

 []


LaTeX Warning: Command \textpm invalid in math mode on input line 7321.


LaTeX Warning: Command \textpm invalid in math mode on input line 7321.

Missing character: There is no ± in font cmr12!

LaTeX Warning: Command \textpm invalid in math mode on input line 7321.


LaTeX Warning: Command \textpm invalid in math mode on input line 7321.

Missing character: There is no ± in font cmr12!

Underfull \hbox (badness 10000) in paragraph at lines 7328--7329
[]\OT1/cmtt/m/n/14.4 Note that these operations are actually applied to the
 []


Underfull \hbox (badness 10000) in paragraph at lines 7328--7329
\OT1/cmtt/m/n/14.4 amplitude values of the two signals $\OML/cmm/m/it/14.4 x\OT
1/cmr/m/n/14.4 (\OML/cmm/m/it/14.4 t\OT1/cmr/m/n/14.4 )$ \OT1/cmtt/m/n/14.4 and
 $\OML/cmm/m/it/14.4 y\OT1/cmr/m/n/14.4 (\OML/cmm/m/it/14.4 t\OT1/cmr/m/n/14.4 
)$ \OT1/cmtt/m/n/14.4 at each
 []


Underfull \hbox (badness 10000) in paragraph at lines 7328--7329
\OT1/cmtt/m/n/14.4 moment $\OML/cmm/m/it/14.4 t$\OT1/cmtt/m/n/14.4 , and the re
sult becomes the value of $\OML/cmm/m/it/14.4 z\OT1/cmr/m/n/14.4 (\OML/cmm/m/it
/14.4 t\OT1/cmr/m/n/14.4 )$ \OT1/cmtt/m/n/14.4 at the
 []


Underfull \hbox (badness 10000) in paragraph at lines 7328--7329
\OT1/cmtt/m/n/14.4 same moment; and the same is true for the operations on the
 []


LaTeX Warning: Citation `Wang2012' on page 216 undefined on input line 7331.


Underfull \vbox (badness 10000) has occurred while \output is active []



[216]
Underfull \hbox (badness 10000) in paragraph at lines 7337--7338

 []


Underfull \hbox (badness 10000) in paragraph at lines 7342--7354
[][]\OT1/cmr/bx/n/14.4 Transformer 23 \OT1/cmr/m/n/14.4 (\OT1/cmr/bx/n/14.4 Gen
eral Sig-nal Am-pli-tude Trans-former\OT1/cmr/m/n/14.4 ,
 []


LaTeX Warning: Hyper reference `TRANSFGSATSIG' on page 217 undefined on input l
ine 7360.


LaTeX Warning: Reference `TRANSFGSATSIG' on page 217 undefined on input line 73
60.


LaTeX Warning: Hyper reference `SECRELSTAT' on page 217 undefined on input line
 7360.


LaTeX Warning: Reference `SECRELSTAT' on page 217 undefined on input line 7360.



LaTeX Warning: Hyper reference `SECRELLINALG' on page 217 undefined on input li
ne 7360.


LaTeX Warning: Reference `SECRELLINALG' on page 217 undefined on input line 736
0.


LaTeX Warning: Hyper reference `SECRELCALCULUS' on page 217 undefined on input 
line 7360.


LaTeX Warning: Reference `SECRELCALCULUS' on page 217 undefined on input line 7
360.


LaTeX Warning: Citation `Wang2012' on page 217 undefined on input line 7360.


Underfull \vbox (badness 10000) has occurred while \output is active []



[217]

LaTeX Warning: Hyper reference `TRANSFGSATSIG' on page 218 undefined on input l
ine 7364.


LaTeX Warning: Reference `TRANSFGSATSIG' on page 218 undefined on input line 73
64.


Underfull \hbox (badness 10000) in paragraph at lines 7377--7378
[]\OT1/cmtt/m/n/14.4 A generic system (electrical, mechanical, biological,
 []


Underfull \hbox (badness 10000) in paragraph at lines 7377--7378
\OT1/cmtt/m/n/14.4 economical, etc.) can be symbolically represented in
 []


Underfull \hbox (badness 10000) in paragraph at lines 7377--7378
\OT1/cmtt/m/n/14.4 terms of the relationship between its input $\OML/cmm/m/it/1
4.4 x\OT1/cmr/m/n/14.4 (\OML/cmm/m/it/14.4 t\OT1/cmr/m/n/14.4 )$ \OT1/cmtt/m/n/
14.4 (stimulus,
 []


Underfull \hbox (badness 10000) in paragraph at lines 7377--7378

 []


Underfull \hbox (badness 10000) in paragraph at lines 7383--7384
[]\OT1/cmtt/m/n/14.4 where the symbol $\U/msb/m/n/14.4 O\OT1/cmr/m/n/14.4 []$ \
OT1/cmtt/m/n/14.4 represents the operation applied
 []


Underfull \hbox (badness 10000) in paragraph at lines 7383--7384
\OT1/cmtt/m/n/14.4 by the system to its input. A system is \OT1/cmtt/m/it/14.4 
linear \OT1/cmtt/m/n/14.4 if its
 []


Underfull \hbox (badness 10000) in paragraph at lines 7383--7384
\OT1/cmtt/m/n/14.4 input-output relationship satisfies both \OT1/cmtt/m/it/14.4
 homogeneity \OT1/cmtt/m/n/14.4 and
 []


Underfull \hbox (badness 10000) in paragraph at lines 7383--7384

 []


Underfull \vbox (badness 10000) has occurred while \output is active []



[218]
Underfull \hbox (badness 10000) in paragraph at lines 7402--7403

 []


Underfull \hbox (badness 10000) in paragraph at lines 7416--7417

 []


Underfull \hbox (badness 10000) in paragraph at lines 7423--7424

 []


Underfull \hbox (badness 10000) in paragraph at lines 7431--7432

 []


LaTeX Warning: Citation `Wang2012' on page 219 undefined on input line 7438.


LaTeX Warning: Citation `Wang2012' on page 219 undefined on input line 7445.


Underfull \vbox (badness 4819) has occurred while \output is active []



[219]

LaTeX Warning: Citation `Rohrer2020' on page 220 undefined on input line 7452.


LaTeX Warning: Citation `Rohrer2020' on page 220 undefined on input line 7456.


LaTeX Warning: Citation `copilot_dna_assistant' on page 220 undefined on input 
line 7456.


Underfull \hbox (badness 10000) in paragraph at lines 7456--7457

 []


LaTeX Warning: Citation `Vaswani2017' on page 220 undefined on input line 7466.



Underfull \hbox (badness 10000) in paragraph at lines 7466--7467
[]\OT1/cmtt/m/n/14.4 Transformers were introduced in this 2017 paper[[]] as a
 []


Underfull \hbox (badness 10000) in paragraph at lines 7466--7467
\OT1/cmtt/m/n/14.4 tool for \OT1/cmtt/m/it/14.4 sequence transduction\OT1/cmtt/
m/n/14.4 ---converting one sequence
 []


Underfull \hbox (badness 10000) in paragraph at lines 7466--7467
\OT1/cmtt/m/n/14.4 of symbols to another. The most popular examples of this
 []


Underfull \hbox (badness 10000) in paragraph at lines 7466--7467
\OT1/cmtt/m/n/14.4 are translation, as in English to German. It has also
 []


Underfull \hbox (badness 10000) in paragraph at lines 7466--7467
\OT1/cmtt/m/n/14.4 been modified to perform sequence completion---given a
 []


Underfull \hbox (badness 10000) in paragraph at lines 7466--7467
\OT1/cmtt/m/n/14.4 starting prompt, carry on in the same vein and style. They
 []


Underfull \hbox (badness 10000) in paragraph at lines 7466--7467
\OT1/cmtt/m/n/14.4 have quickly become an indispensable tool for research and
 []


LaTeX Warning: Citation `Vaswani2017' on page 220 undefined on input line 7476.



LaTeX Warning: Citation `Vaswani2017' on page 220 undefined on input line 7476.



LaTeX Warning: Citation `Vaswani2017' on page 220 undefined on input line 7476.




[220]

LaTeX Warning: Citation `lutalo_2025_trans_genetics' on page 221 undefined on i
nput line 7480.


LaTeX Warning: Hyper reference `SEC4' on page 221 undefined on input line 7480.



LaTeX Warning: Reference `SEC4' on page 221 undefined on input line 7480.


LaTeX Warning: Citation `Graves2012' on page 221 undefined on input line 7480.


LaTeX Warning: Citation `Vaswani2017' on page 221 undefined on input line 7480.



LaTeX Warning: Citation `Graves2012' on page 221 undefined on input line 7480.


Underfull \hbox (badness 10000) in paragraph at lines 7480--7481

 []


Underfull \hbox (badness 10000) in paragraph at lines 7489--7490
[]\OT1/cmtt/m/n/14.4 Many machine learning tasks can be expressed as the
 []


Underfull \hbox (badness 10000) in paragraph at lines 7489--7490
\OT1/cmtt/m/n/14.4 transformation---or \OT1/cmtt/m/it/14.4 transduction\OT1/cmt
t/m/n/14.4 ---of input sequences into
 []


Underfull \hbox (badness 10000) in paragraph at lines 7489--7490
\OT1/cmtt/m/n/14.4 output sequences: speech recognition, machine translation,
 []


Underfull \hbox (badness 10000) in paragraph at lines 7489--7490
\OT1/cmtt/m/n/14.4 protein secondary structure prediction and text-to-speech to

 []


LaTeX Warning: Citation `lutalo_2025_grimlumtauto' on page 221 undefined on inp
ut line 7500.


LaTeX Warning: Citation `Rohrer2020' on page 221 undefined on input line 7500.


LaTeX Warning: Citation `Vaswani2017' on page 221 undefined on input line 7500.



LaTeX Warning: Citation `Graves2012' on page 221 undefined on input line 7500.


LaTeX Warning: Citation `lutalo2024software' on page 221 undefined on input lin
e 7500.


Underfull \vbox (badness 1400) has occurred while \output is active []



[221]

LaTeX Warning: Citation `Rohrer2020' on page 222 undefined on input line 7505.


LaTeX Warning: Citation `Vaswani2017' on page 222 undefined on input line 7505.



LaTeX Warning: Citation `Graves2012' on page 222 undefined on input line 7505.


LaTeX Warning: Hyper reference `CHAPSITTRANS' on page 222 undefined on input li
ne 7505.


LaTeX Warning: Reference `CHAPSITTRANS' on page 222 undefined on input line 750
5.


LaTeX Warning: Citation `Graves2012' on page 222 undefined on input line 7510.


Underfull \hbox (badness 10000) in paragraph at lines 7510--7511

 []


Underfull \hbox (badness 5133) in paragraph at lines 7519--7522
[]\OT1/cmtt/m/n/14.4 Let $\OML/cmm/m/it/14.4 x \OT1/cmr/m/n/14.4 = (\OML/cmm/m/
it/14.4 x[]; x[]; []  ; x[]\OT1/cmr/m/n/14.4 )$ \OT1/cmtt/m/n/14.4 be a length 
$\OML/cmm/m/it/14.4 T$ \OT1/cmtt/m/it/14.4 input sequence \OT1/cmtt/m/n/14.4 of

 []


Underfull \hbox (badness 10000) in paragraph at lines 7519--7522
\OT1/cmtt/m/n/14.4 arbitrary length belonging to the set $\OML/cmm/m/it/14.4 ^^
_[]$ \OT1/cmtt/m/n/14.4 of all sequences
 []


Underfull \hbox (badness 10000) in paragraph at lines 7519--7522
\OML/cmm/m/it/14.4 U$ \OT1/cmtt/m/n/14.4 output sequence belonging to the set $
\OML/cmm/m/it/14.4 ^^M[]$ \OT1/cmtt/m/n/14.4 of all sequences
 []


Underfull \hbox (badness 10000) in paragraph at lines 7519--7522
\OT1/cmtt/m/n/14.4 over some output space $\OML/cmm/m/it/14.4 ^^M$\OT1/cmtt/m/n
/14.4 . Both the inputs vectors $\OML/cmm/m/it/14.4 x[]$ \OT1/cmtt/m/n/14.4 and

 []


Underfull \hbox (badness 10000) in paragraph at lines 7519--7522
\OT1/cmtt/m/n/14.4 the output vectors $\OML/cmm/m/it/14.4 y[]$ \OT1/cmtt/m/n/14
.4 are represented by fixed-length
 []


Underfull \hbox (badness 10000) in paragraph at lines 7519--7522
\OT1/cmtt/m/n/14.4 real-valued vectors; for example if the task is phonetic
 []


Underfull \hbox (badness 10000) in paragraph at lines 7519--7522
\OT1/cmtt/m/n/14.4 speech recognition, each $\OML/cmm/m/it/14.4 x[]$ \OT1/cmtt/
m/n/14.4 would typically be a vector
 []


Underfull \hbox (badness 10000) in paragraph at lines 7519--7522
\OT1/cmtt/m/n/14.4 of MFC coefficients and each $\OML/cmm/m/it/14.4 y[]$ \OT1/c
mtt/m/n/14.4 would be a one-hot vector
 []


Underfull \hbox (badness 10000) in paragraph at lines 7519--7522
\OT1/cmtt/m/n/14.4 encoding a particular phoneme. In this paper we will assume
 []


Underfull \hbox (badness 10000) in paragraph at lines 7519--7522
\OT1/cmtt/m/n/14.4 that the output space is discrete; however the method can
 []


Underfull \hbox (badness 10000) in paragraph at lines 7519--7522
\OT1/cmtt/m/n/14.4 be readily extended to continuous output spaces, provided a
 []


Underfull \hbox (badness 10000) in paragraph at lines 7519--7522

 []


Underfull \hbox (badness 10000) in paragraph at lines 7538--7539
[]\OT1/cmtt/m/n/14.4 Define the extended output space $[]$ as $\OML/cmm/m/it/14
.4 ^^M \OMS/cmsy/m/n/14.4 [ ;$\OT1/cmtt/m/n/14.4 , where $\OMS/cmsy/m/n/14.4 ;$

 []


Underfull \hbox (badness 10000) in paragraph at lines 7538--7539
\OT1/cmtt/m/n/14.4 denotes the null output. The intuitive meaning of $\OMS/cmsy
/m/n/14.4 ;$ \OT1/cmtt/m/n/14.4 is
 []


Underfull \hbox (badness 10000) in paragraph at lines 7538--7539
\OT1/cmtt/m/n/14.4 `output nothing'; the sequence $\OT1/cmr/m/n/14.4 (\OML/cmm/
m/it/14.4 y[]; \OMS/cmsy/m/n/14.4 ;\OML/cmm/m/it/14.4 ; \OMS/cmsy/m/n/14.4 ;\OM
L/cmm/m/it/14.4 ; y[]; \OMS/cmsy/m/n/14.4 ;\OML/cmm/m/it/14.4 ; y[]\OT1/cmr/m/n
/14.4 ) \OMS/cmsy/m/n/14.4 2 []$ \OT1/cmtt/m/n/14.4 is
 []


Underfull \hbox (badness 10000) in paragraph at lines 7538--7539
\OT1/cmtt/m/n/14.4 therefore equivalent to $\OT1/cmr/m/n/14.4 (\OML/cmm/m/it/14
.4 y[]; y[]; y[]\OT1/cmr/m/n/14.4 ) \OMS/cmsy/m/n/14.4 2 \OML/cmm/m/it/14.4 ^^M
[]$\OT1/cmtt/m/n/14.4 . We refer to the
 []


Underfull \hbox (badness 10000) in paragraph at lines 7538--7539
\OT1/cmtt/m/n/14.4 elements $\OML/cmm/m/it/14.4 a \OMS/cmsy/m/n/14.4 2 []$ \OT1
/cmtt/m/n/14.4 as alignments, since the location of the
 []


Underfull \hbox (badness 10000) in paragraph at lines 7538--7539
\OT1/cmtt/m/n/14.4 null symbols determines an alignment between the input and
 []


Underfull \hbox (badness 10000) in paragraph at lines 7538--7539
\OT1/cmtt/m/n/14.4 output sequences. Given $\OML/cmm/m/it/14.4 x$\OT1/cmtt/m/n/
14.4 , the RNN transducer defines a
 []


Underfull \hbox (badness 2035) in paragraph at lines 7544--7546
[]\OT1/cmtt/m/n/14.4 where $\OML/cmm/m/it/14.4 ^^L \OT1/cmr/m/n/14.4 : [] \OMS/
cmsy/m/n/14.4 ! \OML/cmm/m/it/14.4 ^^M[]$ \OT1/cmtt/m/n/14.4 is a function that
 removes the null
 []


Underfull \hbox (badness 10000) in paragraph at lines 7544--7546
\OT1/cmtt/m/n/14.4 symbols from the alignments in $[]$. Two recurrent neural
 []


Underfull \hbox (badness 3460) in paragraph at lines 7544--7546
\OT1/cmtt/m/n/14.4 networks are used to determine $\OML/cmm/m/it/14.4 Pr\OT1/cm
r/m/n/14.4 (\OML/cmm/m/it/14.4 a \OMS/cmsy/m/n/14.4 2 []j\OML/cmm/m/it/14.4 x\O
T1/cmr/m/n/14.4 )$\OT1/cmtt/m/n/14.4 . One network,
 []


Underfull \hbox (badness 10000) in paragraph at lines 7544--7546
\OT1/cmtt/m/n/14.4 referred to as the \OT1/cmtt/m/it/14.4 transcription network
 $\U/msb/m/n/14.4 z$\OT1/cmtt/m/n/14.4 , scans the
 []


Underfull \hbox (badness 10000) in paragraph at lines 7544--7546
\OT1/cmtt/m/n/14.4 input sequence $\OML/cmm/m/it/14.4 x$ \OT1/cmtt/m/n/14.4 and
 outputs the sequence f = $\OT1/cmr/m/n/14.4 (\OML/cmm/m/it/14.4 f[]; []  ; f[]
\OT1/cmr/m/n/14.4 )$
 []


Underfull \hbox (badness 10000) in paragraph at lines 7544--7546
\OT1/cmtt/m/n/14.4 of transcription vectors. The other network, referred to as
 []


Underfull \hbox (badness 10000) in paragraph at lines 7544--7546
\OT1/cmtt/m/n/14.4 the \OT1/cmtt/m/it/14.4 prediction network $\OML/cmm/m/it/14
.4 G$\OT1/cmtt/m/n/14.4 , scans the output sequence $\OML/cmm/m/it/14.4 y$ \OT1
/cmtt/m/n/14.4 and
 []


LaTeX Warning: Citation `Graves2012' on page 222 undefined on input line 7548.


Underfull \vbox (badness 10000) has occurred while \output is active []



[222]

LaTeX Warning: Citation `Vaswani2017' on page 223 undefined on input line 7556.



Underfull \hbox (badness 10000) in paragraph at lines 7556--7557

 []


Underfull \hbox (badness 10000) in paragraph at lines 7565--7567
[]\OT1/cmtt/m/n/14.4 We call our particular attention ``Scaled Dot-Product
 []


Underfull \hbox (badness 10000) in paragraph at lines 7565--7567
\OT1/cmtt/m/n/14.4 Attention"... The input consists of queries and keys of
 []


Underfull \hbox (badness 10000) in paragraph at lines 7565--7567
\OT1/cmtt/m/n/14.4 dimension $\OML/cmm/m/it/14.4 d[]$\OT1/cmtt/m/n/14.4 , and v
alues of dimension $\OML/cmm/m/it/14.4 d[]$ \OT1/cmtt/m/n/14.4 . We compute the

 []


Underfull \hbox (badness 10000) in paragraph at lines 7565--7567
\OT1/cmtt/m/n/14.4 dot products of the query with all keys, divide each by
 []


Underfull \hbox (badness 10000) in paragraph at lines 7565--7567
[]$\OT1/cmtt/m/n/14.4 , and apply a softmax function to obtain the weights on
 []


Underfull \hbox (badness 10000) in paragraph at lines 7565--7567

 []


Underfull \hbox (badness 10000) in paragraph at lines 7583--7585
[]\OT1/cmtt/m/n/14.4 In practice, we compute the attention function on a set
 []


Underfull \hbox (badness 10000) in paragraph at lines 7583--7585
\OT1/cmtt/m/n/14.4 of queries simultaneously, packed together into a matrix $\O
ML/cmm/m/it/14.4 Q$\OT1/cmtt/m/n/14.4 .
 []


Underfull \hbox (badness 10000) in paragraph at lines 7583--7585
\OT1/cmtt/m/n/14.4 The keys and values are also packed together into matrices
 []


Underfull \hbox (badness 10000) in paragraph at lines 7583--7585

 []


Underfull \hbox (badness 10000) in paragraph at lines 7593--7594
[]\OT1/cmtt/m/n/14.4 The two most commonly used attention functions are
 []


Underfull \hbox (badness 10000) in paragraph at lines 7593--7594
\OT1/cmtt/m/n/14.4 additive attention [2], and dot-product (multiplicative)
 []


Underfull \hbox (badness 10000) in paragraph at lines 7593--7594
\OT1/cmtt/m/n/14.4 attention. Dot-product attention is identical to our
 []


Underfull \hbox (badness 10000) in paragraph at lines 7593--7594
\OT1/cmtt/m/n/14.4 algorithm, except for the scaling factor of $[]$. Additive
 []


Underfull \hbox (badness 10000) in paragraph at lines 7593--7594
\OT1/cmtt/m/n/14.4 attention computes the compatibility function using a
 []


Underfull \hbox (badness 10000) in paragraph at lines 7593--7594
\OT1/cmtt/m/n/14.4 feed-forward network with a single hidden layer. While
 []


Underfull \hbox (badness 10000) in paragraph at lines 7593--7594
\OT1/cmtt/m/n/14.4 the two are similar in theoretical complexity, dot-product
 []


Underfull \hbox (badness 10000) in paragraph at lines 7593--7594
\OT1/cmtt/m/n/14.4 attention is much faster and more space-efficient in
 []


Underfull \hbox (badness 10000) in paragraph at lines 7593--7594
\OT1/cmtt/m/n/14.4 practice, since it can be implemented using highly optimized

 []


LaTeX Warning: Citation `Vaswani2017' on page 223 undefined on input line 7596.



Underfull \vbox (badness 10000) has occurred while \output is active []



[223]

LaTeX Warning: Hyper reference `RES7' on page 224 undefined on input line 7604.



LaTeX Warning: Hyper reference `DEFSEQUENCE' on page 224 undefined on input lin
e 7604.


LaTeX Warning: Citation `Graves2012' on page 224 undefined on input line 7604.


LaTeX Warning: Hyper reference `SECRELSTAT' on page 224 undefined on input line
 7604.


LaTeX Warning: Citation `lutalo2024software' on page 224 undefined on input lin
e 7604.



[224]

LaTeX Warning: Citation `clarke1992basic' on page 225 undefined on input line 7
608.


LaTeX Warning: Hyper reference `SECSCEND' on page 225 undefined on input line 7
608.


LaTeX Warning: Hyper reference `SEC4ASEQ' on page 225 undefined on input line 7
608.


LaTeX Warning: Reference `SEC4ASEQ' on page 225 undefined on input line 7608.


LaTeX Warning: Hyper reference `DEFTRANS' on page 225 undefined on input line 7
614.


LaTeX Warning: Reference `DEFTRANS' on page 225 undefined on input line 7614.


LaTeX Warning: Citation `treealgebras_review' on page 225 undefined on input li
ne 7614.


LaTeX Warning: Citation `Lutalo2025_transformatics_thesis' on page 225 undefine
d on input line 7623.


LaTeX Warning: Citation `Lutalo2025_transformatics_thesis' on page 225 undefine
d on input line 7623.


LaTeX Warning: Citation `lnspaper' on page 225 undefined on input line 7623.


LaTeX Warning: Citation `lutalo_2025_trans_genetics' on page 225 undefined on i
nput line 7623.


LaTeX Warning: Citation `lnspaper' on page 225 undefined on input line 7623.


LaTeX Warning: Citation `transformatics' on page 225 undefined on input line 76
23.


Underfull \hbox (badness 10000) in paragraph at lines 7623--7624
[]\OT1/cmtt/m/n/14.4 ...we might think of the mathematical field or theory
 []


Underfull \hbox (badness 10000) in paragraph at lines 7623--7624
\OT1/cmtt/m/n/14.4 of transformatics[[]] as the algebra of sequences ---
 []


Underfull \hbox (badness 10000) in paragraph at lines 7623--7624
\OT1/cmtt/m/n/14.4 essentially, the treatment of sequences and operations on
 []


Underfull \hbox (badness 10000) in paragraph at lines 7623--7624
\OT1/cmtt/m/n/14.4 them. As laid out in the transformatics mini-thesis[[]],
 []


Underfull \hbox (badness 10000) in paragraph at lines 7623--7624
\OT1/cmtt/m/n/14.4 we might for example think of mathematical objects such
 []


Underfull \hbox (badness 10000) in paragraph at lines 7623--7624
\OT1/cmtt/m/n/14.4 as ordered sets, symbol sets, numeric and alpha-numeric
 []


Underfull \hbox (badness 10000) in paragraph at lines 7623--7624
\OT1/cmtt/m/n/14.4 expressions, Lu-Numbers or Lu-Number Expressions[[]],
 []


Underfull \hbox (badness 10000) in paragraph at lines 7623--7624
\OT1/cmtt/m/n/14.4 matrices, sequences of instructions in a TEA program, etc.
 []


Underfull \hbox (badness 10000) in paragraph at lines 7623--7624
\OT1/cmtt/m/n/14.4 And as for operations on them, we might call out operations
 []


Underfull \hbox (badness 10000) in paragraph at lines 7623--7624
\OT1/cmtt/m/n/14.4 such as concatenation, inversion, splitting, reduction,
 []


Underfull \hbox (badness 10000) in paragraph at lines 7623--7624
\OT1/cmtt/m/n/14.4 multiplication, etc. many of which have been well defined,
 []


Underfull \hbox (badness 10000) in paragraph at lines 7623--7624
\OT1/cmtt/m/n/14.4 introduced or laid down in Lutalo's earlier works such as
 []



[225]

[226]
Appendix G.

Underfull \hbox (badness 10000) in paragraph at lines 7666--7667

 []



[227

]
Underfull \hbox (badness 10000) in paragraph at lines 7670--7676

 []


LaTeX Warning: Hyper reference `TRANSFTELEP' on page 228 undefined on input lin
e 7681.


LaTeX Warning: Reference `TRANSFTELEP' on page 228 undefined on input line 7681
.


Underfull \hbox (badness 10000) in paragraph at lines 7681--7682

 []


Underfull \hbox (badness 10000) in paragraph at lines 7685--7686

 []


LaTeX Warning: Citation `jung1964symbols' on page 228 undefined on input line 7
692.


Underfull \hbox (badness 10000) in paragraph at lines 7694--7694
[][][]\OT1/cmr/m/n/8 Image credit from au-thor's Art Port-fo-lio: []$\OT1/cmtt/
m/n/8 https : / / www . deviantart . com / nemesisfixx / art /
 []


Underfull \hbox (badness 5388) in paragraph at lines 7694--7694
\OT1/cmtt/m/n/8 nemesisfixx / art / The-[]Zermelo-[]Frankael-[]Dream-[]Collecti
on-[]II-[]942887985$[] \OT1/cmr/m/n/8 and []$\OT1/cmtt/m/n/8 https : / / www . 
deviantart . com / nemesisfixx / art /
 []



[228]
<resources/images/annunaki.jpg, id=3126, 3011.25pt x 4015.0pt>
File: resources/images/annunaki.jpg Graphic file (type jpg)
<use resources/images/annunaki.jpg>
Package pdftex.def Info: resources/images/annunaki.jpg  used on input line 7700
.
(pdftex.def)             Requested size: 446.69328pt x 595.54626pt.

Underfull \vbox (badness 10000) has occurred while \output is active []



[229]
Underfull \hbox (badness 10000) in paragraph at lines 7722--7722
[]\OT1/cmtt/m/n/14.4 In a dream, I have seen that I was somewhere in a laborato
ry
 []


Underfull \hbox (badness 10000) in paragraph at lines 7722--7722
\OT1/cmtt/m/n/14.4 with some very intelligent fellows and that we were explorin
g
 []


Underfull \hbox (badness 10000) in paragraph at lines 7722--7722
\OT1/cmtt/m/n/14.4 potential applications of TRANSFORMATICS in PHYSICS, by cond
ucting
 []


Underfull \hbox (badness 10000) in paragraph at lines 7722--7722
\OT1/cmtt/m/n/14.4 simulation experiments using a large hologram machine that l
ooked
 []


Underfull \hbox (badness 10000) in paragraph at lines 7722--7722
[]\OT1/cmtt/m/n/14.4 I saw that among interesting analyses we conducted was the
 matter
 []


Underfull \hbox (badness 10000) in paragraph at lines 7722--7722
\OT1/cmtt/m/n/14.4 of trying to understand ``The Bermuda Triangle Problem". In
 []


Underfull \hbox (badness 10000) in paragraph at lines 7722--7722
\OT1/cmtt/m/n/14.4 particular, we were simulating a strong magnetic field situa
ted
 []


Underfull \hbox (badness 10000) in paragraph at lines 7722--7722
\OT1/cmtt/m/n/14.4 at the center of some location upon earth, and that if any
 []


Underfull \hbox (badness 10000) in paragraph at lines 7722--7722
\OT1/cmtt/m/n/14.4 flying object --- such as Flying Saucers (UFOs) attempted to

 []


Underfull \hbox (badness 10000) in paragraph at lines 7722--7722
\OT1/cmtt/m/n/14.4 fly close enough to this gravitating point, it would cause t
heir
 []


Underfull \hbox (badness 10000) in paragraph at lines 7722--7722
\OT1/cmtt/m/n/14.4 trajectories to somewhat get warped towards the center, and 
so
 []


Underfull \hbox (badness 10000) in paragraph at lines 7722--7722
\OT1/cmtt/m/n/14.4 that, no matter how strong the tangential velocity of the cr
aft
 []


Underfull \hbox (badness 10000) in paragraph at lines 7722--7722
\OT1/cmtt/m/n/14.4 was relative to the center of attraction at some moment with
 time
 []


Underfull \hbox (badness 10000) in paragraph at lines 7722--7722
\OT1/cmtt/m/n/14.4 T=tn, at any other later moment such as T=t(n+1), the centri
petal
 []


Underfull \hbox (badness 10000) in paragraph at lines 7722--7722
\OT1/cmtt/m/n/14.4 force on the craft would be even stronger, and that the dist
ance
 []


Underfull \hbox (badness 10000) in paragraph at lines 7722--7722
\OT1/cmtt/m/n/14.4 from the point of the center of attraction would be lesser a
t
 []


Underfull \hbox (badness 10000) in paragraph at lines 7722--7722
\OT1/cmtt/m/n/14.4 t(n+1) than at tn, and so that, eventually the craft would s
piral
 []


Underfull \hbox (badness 10000) in paragraph at lines 7722--7722
\OT1/cmtt/m/n/14.4 down into the point and somewhat crash or (like for the case
 of
 []


Underfull \hbox (badness 10000) in paragraph at lines 7722--7722
\OT1/cmtt/m/n/14.4 the whirlpool-like Bermuda Triangle), get swallowed into som
e kind
 []


Underfull \hbox (badness 10000) in paragraph at lines 7722--7722
[]\OT1/cmtt/m/n/14.4 The simulations looked so realistic despite being generate
d by a
 []


Underfull \hbox (badness 10000) in paragraph at lines 7722--7722
\OT1/cmtt/m/n/14.4 super computer, and it felt like we were performing reconnai
ssance
 []


Underfull \hbox (badness 10000) in paragraph at lines 7722--7722
\OT1/cmtt/m/n/14.4 studies about aliens visiting Earth at say... Area 51! Then 
I
 []


Overfull \hbox (11.49992pt too wide) in paragraph at lines 7722--7723
 [] 
 []


Underfull \vbox (badness 10000) has occurred while \output is active []



[230 <./resources/images/annunaki.jpg>]
Underfull \hbox (badness 1742) in paragraph at lines 7735--7736
[]\OT1/cmr/m/it/12 #dream #di-ary #ad-vanced #physics #trans-for-mat-ics #jwl #
re-flec-tions #fu-turedi-rec-tions
 []



pdfTeX warning: pdflatex (file ./resources/pdfs/note_cover.pdf): PDF inclusion:
 found PDF version <1.7>, but at most version <1.5> allowed
<resources/pdfs/note_cover.pdf, id=3143, 596.98032pt x 844.65562pt>
File: resources/pdfs/note_cover.pdf Graphic file (type pdf)
<use resources/pdfs/note_cover.pdf>
Package pdftex.def Info: resources/pdfs/note_cover.pdf  used on input line 7744
.
(pdftex.def)             Requested size: 596.97885pt x 844.65356pt.


pdfTeX warning: pdflatex (file ./resources/pdfs/note_cover.pdf): PDF inclusion:
 found PDF version <1.7>, but at most version <1.5> allowed
File: resources/pdfs/note_cover.pdf Graphic file (type pdf)
<use resources/pdfs/note_cover.pdf>
Package pdftex.def Info: resources/pdfs/note_cover.pdf  used on input line 7744
.
(pdftex.def)             Requested size: 596.97885pt x 844.65356pt.


pdfTeX warning: pdflatex (file ./resources/pdfs/note_cover.pdf): PDF inclusion:
 found PDF version <1.7>, but at most version <1.5> allowed


pdfTeX warning: pdflatex (file ./resources/pdfs/note_cover.pdf): PDF inclusion:
 found PDF version <1.7>, but at most version <1.5> allowed
<resources/pdfs/note_cover.pdf, id=3146, page=1, 596.98032pt x 844.65562pt>
File: resources/pdfs/note_cover.pdf Graphic file (type pdf)
<use resources/pdfs/note_cover.pdf, page 1>
Package pdftex.def Info: resources/pdfs/note_cover.pdf , page1 used on input li
ne 7744.
(pdftex.def)             Requested size: 596.97885pt x 844.65356pt.
File: resources/pdfs/note_cover.pdf Graphic file (type pdf)
<use resources/pdfs/note_cover.pdf, page 1>
Package pdftex.def Info: resources/pdfs/note_cover.pdf , page1 used on input li
ne 7744.
(pdftex.def)             Requested size: 597.71669pt x 845.69751pt.


[231]
File: resources/pdfs/note_cover.pdf Graphic file (type pdf)
<use resources/pdfs/note_cover.pdf, page 1>
Package pdftex.def Info: resources/pdfs/note_cover.pdf , page1 used on input li
ne 7744.
(pdftex.def)             Requested size: 597.71669pt x 845.69751pt.
File: resources/pdfs/note_cover.pdf Graphic file (type pdf)
<use resources/pdfs/note_cover.pdf, page 1>
Package pdftex.def Info: resources/pdfs/note_cover.pdf , page1 used on input li
ne 7744.
(pdftex.def)             Requested size: 597.71669pt x 845.69751pt.


File: resources/pdfs/note_cover.pdf Graphic file (type pdf)
<use resources/pdfs/note_cover.pdf, page 1>
Package pdftex.def Info: resources/pdfs/note_cover.pdf , page1 used on input li
ne 7744.
(pdftex.def)             Requested size: 597.71669pt x 845.69751pt.
[232

 <./resources/pdfs/note_cover.pdf>]
(TransformaticsInGENETICS---2026---JWL--HYPER-EDTN.bbl
Underfull \hbox (badness 1102) in paragraph at lines 4--10
\OT1/cmr/m/it/14.4 PrePrints\OT1/cmr/m/n/14.4 , 2025.  []$\OT1/cmtt/m/n/14.4 ht
tps : / / www . preprints . org / frontend / manuscript /
 []


Underfull \hbox (badness 3623) in paragraph at lines 19--27
[]\OT1/cmr/m/n/14.4 Joseph Will-rich Lu-talo.  \OT1/cmr/bx/n/14.4 In-tro-duc-in
g The Ana-gram Dis-tance
 []


Underfull \hbox (badness 2744) in paragraph at lines 19--27
\OT1/cmr/bx/n/14.4 Statis-tic, []A, A Quan-ti-fier of Lex-i-cal Prox-im-ity For
 Base-
 []


Underfull \hbox (badness 4341) in paragraph at lines 19--27
\OT1/cmr/bx/n/14.4 10 o-SSI And Any Ar-bi-trary Length Or-dered Se-quences,
 []


Underfull \hbox (badness 1460) in paragraph at lines 19--27
\OT1/cmr/bx/n/14.4 Its Rel-e-vance And Pro-posed Ap-pli-ca-tions in Com-puter S
ci-
 []


Underfull \hbox (badness 2529) in paragraph at lines 29--35
\OT1/cmr/bx/n/14.4 Pre-serves The Base-10 Or-thog-o-nal Sym-bol Set Iden-tity I
n
 []


Underfull \hbox (badness 2846) in paragraph at lines 29--35
\OT1/cmr/bx/n/14.4 Both Ad-dends And The Sum\OT1/cmr/m/n/14.4 .  \OT1/cmr/m/it/
14.4 Academia\OT1/cmr/m/n/14.4 , 2025.  \OT1/cmr/m/it/14.4 Ac-ces-si-ble
 []


Underfull \hbox (badness 4608) in paragraph at lines 29--35
\OT1/cmr/m/it/14.4 via []$\OT1/cmtt/m/n/14.4 https : / / www . academia . edu /
 download / 122499576 / The _ Symbol _ Set _
 []


Underfull \hbox (badness 2088) in paragraph at lines 37--46
[]\OT1/cmr/m/n/14.4 Joseph Will-rich Lu-talo.  \OT1/cmr/bx/n/14.4 The The-ory o
f Se-quence Trans-form-
 []


Underfull \hbox (badness 2409) in paragraph at lines 37--46
\OT1/cmr/bx/n/14.4 ers & their Statis-tics\OT1/cmr/m/n/14.4 : The 3 in-for-ma-t
ion se-quence trans-former
 []


Underfull \hbox (badness 10000) in paragraph at lines 37--46
\OT1/cmr/m/n/14.4 fam-i-lies (ana-gram-ma-tiz-ers, pro-trac-tors, com-pres-sors
) and 4 new
 []


Underfull \hbox (badness 10000) in paragraph at lines 37--46
\OT1/cmr/m/n/14.4 and rel-e-vant sta-tis-ti-cal mea-sures ap-pli-ca-ble to them
: Ana-gram
 []


Underfull \hbox (badness 5924) in paragraph at lines 37--46
\OT1/cmr/m/n/14.4 dis-tance, modal se-quence statis-tic, trans-for-ma-tion com-
pres-sion ra-
 []


Underfull \hbox (badness 3635) in paragraph at lines 37--46
\OT1/cmr/m/n/14.4 tio and piece-meal com-pres-sion ra-tio.  \OT1/cmr/m/it/14.4 
Academia\OT1/cmr/m/n/14.4 , 2025.  []$\OT1/cmtt/m/n/14.4 https :
 []


Underfull \hbox (badness 10000) in paragraph at lines 37--46
\OT1/cmtt/m/n/14.4 / / www . academia . edu / download / 123730923 / TRANSFORMA
TICS _ Theory _
 []


Underfull \hbox (badness 4543) in paragraph at lines 56--61
[]\OT1/cmr/m/n/14.4 Joseph Will-rich Lu-talo.  \OT1/cmr/bx/n/14.4 Ap-ply-ing TR
ANS-FOR-MAT-ICS: Se-
 []



[233

]
Underfull \hbox (badness 10000) in paragraph at lines 84--90
[]\OT1/cmr/m/n/14.4 GeeksforGeeks.  Di-a-gram of pro-tein syn-the-sis.  []$\OT1
/cmtt/m/n/14.4 https : / / www .
 []


Underfull \hbox (badness 10000) in paragraph at lines 84--90
\OT1/cmtt/m/n/14.4 geeksforgeeks . org / biology / protein-[]synthesis-[]diagra
m/$[]\OT1/cmr/m/n/14.4 , 2024.
 []


Underfull \hbox (badness 1028) in paragraph at lines 122--128
[]\OT1/cmr/m/n/14.4 Joseph Will-rich Lu-talo.  \OT1/cmr/bx/n/14.4 PRO-POSED DOC
-TORAL THE-SIS: A
 []


Underfull \hbox (badness 1205) in paragraph at lines 122--128
\OT1/cmr/bx/n/14.4 The-ory of En-tropy Sources & Ran-dom Num-ber Gen-er-a-tors:

 []


Underfull \hbox (badness 10000) in paragraph at lines 122--128
\OT1/cmtt/m/n/14.4 A _ Theory _ of _ Entropy _ Sources _ and _ Random _ Number 
_ Generators _ DPhil _
 []


Underfull \hbox (badness 10000) in paragraph at lines 122--128
\OT1/cmtt/m/n/14.4 Computer _ Science _ Oxford _ University _ Joseph _ Willrich
 _ Lutalo _ MSc _
 []



[234]
Underfull \hbox (badness 10000) in paragraph at lines 157--162
\OT1/cmtt/m/n/14.4 org / Bookshelves / Introductory _ and _ General _ Biology /
 General _
 []


Underfull \hbox (badness 3098) in paragraph at lines 170--176
[]\OT1/cmr/m/n/14.4 Grady Venville and Jenny Dono-van.  Analo-gies for life: a 
sub-
 []


Underfull \hbox (badness 10000) in paragraph at lines 170--176
\OT1/cmr/m/n/14.4 jec-tive view of analo-gies and metaphors used to teach about

 []


Underfull \hbox (badness 2941) in paragraph at lines 170--176
\OT1/cmr/m/n/14.4 genes and dna.  \OT1/cmr/m/it/14.4 Teach-ing Sci-ence\OT1/cmr
/m/n/14.4 , 52(1):18--22, 2006.  Avail-able
 []


Underfull \hbox (badness 10000) in paragraph at lines 170--176
\OT1/cmr/m/n/14.4 at: []$\OT1/cmtt/m/n/14.4 https : / / research-[]repository .
 uwa . edu . au / en / publications /
 []


Overfull \hbox (21.16966pt too wide) in paragraph at lines 170--176
\OT1/cmtt/m/n/14.4 analogies-[]for-[]life-[]a-[]subjective-[]view-[]of-[]analog
ies-[]and-[]metaphors-[]u$[]\OT1/cmr/m/n/14.4 . 
 []


Underfull \hbox (badness 3907) in paragraph at lines 185--192
[]\OT1/cmr/m/n/14.4 Genomics Ed-u-ca-tion Pro-gramme.  Where does our genome co
me
 []


Underfull \hbox (badness 7064) in paragraph at lines 185--192
\OT1/cmr/m/n/14.4 from?  []$\OT1/cmtt/m/n/14.4 https : / / www . genomicseducat
ion . hee . nhs . uk / education /
 []


Underfull \hbox (badness 1394) in paragraph at lines 185--192
\OT1/cmtt/m/n/14.4 core-[]concepts / where-[]does-[]our-[]genome-[]come-[]from/
$[]\OT1/cmr/m/n/14.4 , 2025.  Ac-cessed
 []


Underfull \hbox (badness 7379) in paragraph at lines 194--200
[]\OT1/cmr/m/n/14.4 OpenStax Bi-ol-ogy.  Ga-me-to-ge-n-e-sis (sper-mato-ge-n-e-
sis and oo-ge-n-e-
 []


Underfull \hbox (badness 10000) in paragraph at lines 194--200
\OT1/cmr/m/n/14.4 sis).  []$\OT1/cmtt/m/n/14.4 https : / / bio . libretexts . o
rg / Bookshelves / Introductory _
 []


Underfull \hbox (badness 10000) in paragraph at lines 194--200
\OT1/cmtt/m/n/14.4 and _ General _ Biology / General _ Biology _ 1e _ (OpenStax
 ) /43 :
 []


Underfull \hbox (badness 10000) in paragraph at lines 194--200
\OT1/cmtt/m/n/14.4 _Animal _ Reproduction _ and _ Development / 43 . 3C : _Game
togenesis _
 []


Underfull \hbox (badness 3612) in paragraph at lines 202--208
[]\OT1/cmr/m/n/14.4 University of Le-ices-ter.  The cell cy-cle, mi-to-sis and 
meio-sis for
 []


Underfull \hbox (badness 10000) in paragraph at lines 202--208
\OT1/cmr/m/n/14.4 higher ed-u-ca-tion.  []$\OT1/cmtt/m/n/14.4 https : / / le . 
ac . uk / vgec / topics / cell-[]cycle /
 []



[235]
Underfull \hbox (badness 4899) in paragraph at lines 224--231
[]\OT1/cmr/m/n/14.4 Shinichi Mochizuki.  The ge-om-e-try of frobe-nioids i: The
 gen-
 []


Underfull \hbox (badness 10000) in paragraph at lines 224--231
\OT1/cmr/m/n/14.4 eral the-ory.  []$\OT1/cmtt/m/n/14.4 https : / / www . kurims
 . kyoto-[]u . ac . jp / []motizuki /
 []


Underfull \hbox (badness 5771) in paragraph at lines 224--231
\OT1/cmtt/m/n/14.4 The-[]Geometry-[]of-[]Frobenioids-[]I . pdf$[]\OT1/cmr/m/n/1
4.4 , 2008.  Ac-cessed Au-gust 2,
 []



[236]
Underfull \hbox (badness 5592) in paragraph at lines 327--334
[]\OT1/cmr/m/n/14.4 Teresa Przy-ty-cka.  Lec-ture 10: Whole genome se-quenc-ing
 and
 []


Underfull \hbox (badness 4859) in paragraph at lines 327--334
\OT1/cmr/m/n/14.4 anal-y-sis.  []$\OT1/cmtt/m/n/14.4 https : / / www . ncbi . x
yz / CBBresearch / Przytycka / download /
 []


Underfull \hbox (badness 10000) in paragraph at lines 353--359
\OT1/cmtt/m/n/14.4 / / www . academia . edu / 124536103 / Pragmatic _ Computati
onal _ Mysticism$[]\OT1/cmr/m/n/14.4 ,
 []


Underfull \hbox (badness 1102) in paragraph at lines 368--374
[]\OT1/cmr/m/n/14.4 Joseph Will-rich Lu-talo.  \OT1/cmr/bx/n/14.4 Un-rav-el-ing
 Mys-ter-ies of The ZHA q-
 []


Underfull \hbox (badness 4634) in paragraph at lines 368--374
\OT1/cmr/m/n/14.4 at: []$\OT1/cmtt/m/n/14.4 https : / / www . academia . edu / 
download / 122791984 / ZHA _ Interview _
 []



[237]
Underfull \hbox (badness 10000) in paragraph at lines 382--387
\OT1/cmr/m/n/14.4 by Don-ald Tyson) avail-able at []$\OT1/cmtt/m/n/14.4 https :
 / / archive . org / details /
 []


Overfull \hbox (110.08952pt too wide) in paragraph at lines 382--387
\OT1/cmtt/m/n/14.4 three-[]books-[]of-[]occult-[]philosophy-[]henry-[]cornelius
-[]agrippa-[]donald-[]tyson-[]edition$[]\OT1/cmr/m/n/14.4 . 
 []


Underfull \hbox (badness 10000) in paragraph at lines 405--411
\OT1/cmtt/m/n/14.4 25FEB _ Concerning _ A _ Transformative _ Power _ in _ Certa
in _ Symbols _
 []


Underfull \hbox (badness 2042) in paragraph at lines 413--418
[]\OT1/cmr/m/n/14.4 Raymond S. Nick-er-son.  Count-ing, com-put-ing, and the re
p-re-sen-ta-
 []


Underfull \hbox (badness 1694) in paragraph at lines 413--418
\OT1/cmr/m/n/14.4 tion of num-bers.  \OT1/cmr/m/it/14.4 Hu-man Fac-tors\OT1/cmr
/m/n/14.4 , 30(2):181--199, 1988.  Avail-able
 []


Underfull \hbox (badness 10000) in paragraph at lines 420--426
\OT1/cmr/m/it/14.4 Ac-ces-si-ble via []$\OT1/cmtt/m/n/14.4 https : / / www . ac
ademia . edu / 123296302 / Numbers _ from _
 []


Underfull \hbox (badness 10000) in paragraph at lines 420--426
\OT1/cmtt/m/n/14.4 Arbitrary _ Text _ Mapping _ Human _ Readable _ Text _ to _ 
Numbers _ in _ Base _
 []



[238]
Underfull \hbox (badness 10000) in paragraph at lines 500--506
[]\OT1/cmr/m/n/14.4 Joseph Will-rich Lu-talo.  \OT1/cmr/bx/n/14.4 TEA TAZ - Tra
ns-form-ing Ex-e-
 []


Underfull \hbox (badness 5175) in paragraph at lines 500--506
\OT1/cmr/bx/n/14.4 cutable Al-pha-bet A: to Z: COM-MAND SPACE SPEC-I-
 []


Underfull \hbox (badness 2903) in paragraph at lines 500--506
\OT1/cmr/bx/n/14.4 FI-CA-TION\OT1/cmr/m/n/14.4 .  \OT1/cmr/m/it/14.4 Academia.e
du\OT1/cmr/m/n/14.4 , 2024.  Ac-cessed on 14 May, 2025,
 []


Underfull \hbox (badness 10000) in paragraph at lines 500--506
\OT1/cmr/m/n/14.4 via []$\OT1/cmtt/m/n/14.4 https : / / www . academia . edu / 
122871672 / TEA _ TAZ _ Transforming _
 []



[239]
Underfull \hbox (badness 8151) in paragraph at lines 571--576
[]\OT1/cmr/m/n/14.4 Stanley I. Gross-man.  \OT1/cmr/m/it/14.4 Cal-cu-lus of One
 Vari-able\OT1/cmr/m/n/14.4 .  Aca-demic
 []


Underfull \hbox (badness 1748) in paragraph at lines 571--576
\OT1/cmr/m/n/14.4 Press, Inc., Or-lando, Florida, sec-ond edi-tion, 1986.  Avai
l-able on-
 []


Underfull \hbox (badness 10000) in paragraph at lines 571--576
\OT1/cmr/m/n/14.4 line: []$\OT1/cmtt/m/n/14.4 https : / / api . pageplace . de 
/ preview / DT0400 . 9781483262468 _
 []

)
Underfull \hbox (badness 10000) in paragraph at lines 7760--7760

 []


Underfull \hbox (badness 1577) in paragraph at lines 7760--7760
[]\OT1/cmr/m/n/14.4 Lutalo, Joseph Will-rich (2025). \OT1/cmr/bx/n/14.4 Ap-ply-
ing TRANS-FOR-MAT-
 []


Underfull \hbox (badness 10000) in paragraph at lines 7760--7763

 []


Underfull \vbox (badness 10000) has occurred while \output is active []



[240]

[241]

[242

]
Underfull \hbox (badness 1852) in paragraph at lines 7776--7777
[]|$\OT1/cmr/m/n/24.88 \$ \OT1/cmr/bx/n/24.88 With\OT1/cmr/m/it/24.88 out hav-i
ng to print
 []


Underfull \hbox (badness 5231) in paragraph at lines 7776--7777
\OT1/cmr/m/it/24.88 their ac-tual \OT1/cmr/bx/it/24.88 na-Sequences
 []


Underfull \hbox (badness 1237) in paragraph at lines 7776--7777
\OT1/cmr/bx/n/24.88 ad-vanced past the front
 []



[243]

[244

]
<resources/pdfs/AboutAuthor.pdf, id=3442, 614.295pt x 794.97pt>
File: resources/pdfs/AboutAuthor.pdf Graphic file (type pdf)
<use resources/pdfs/AboutAuthor.pdf>
Package pdftex.def Info: resources/pdfs/AboutAuthor.pdf  used on input line 779
6.
(pdftex.def)             Requested size: 505.17802pt x 583.53377pt.

Overfull \hbox (8.84879pt too wide) in paragraph at lines 7796--7796
 [] 
 []


Underfull \vbox (badness 10000) has occurred while \output is active []



[245]
Overfull \vbox (19.80933pt too high) has occurred while \output is active []



[246 <./resources/pdfs/AboutAuthor.pdf>]

[247]

[248

] (TransformaticsInGENETICS---2026---JWL--HYPER-EDTN.ind

[249]



[250

])

pdfTeX warning: pdflatex (file ./resources/pdfs/back_cover.pdf): PDF inclusion:
 found PDF version <1.7>, but at most version <1.5> allowed
<resources/pdfs/back_cover.pdf, id=3549, 596.98032pt x 844.65562pt>
File: resources/pdfs/back_cover.pdf Graphic file (type pdf)
<use resources/pdfs/back_cover.pdf>
Package pdftex.def Info: resources/pdfs/back_cover.pdf  used on input line 7836
.
(pdftex.def)             Requested size: 596.97885pt x 844.65356pt.


pdfTeX warning: pdflatex (file ./resources/pdfs/back_cover.pdf): PDF inclusion:
 found PDF version <1.7>, but at most version <1.5> allowed
File: resources/pdfs/back_cover.pdf Graphic file (type pdf)
<use resources/pdfs/back_cover.pdf>
Package pdftex.def Info: resources/pdfs/back_cover.pdf  used on input line 7836
.
(pdftex.def)             Requested size: 596.97885pt x 844.65356pt.


pdfTeX warning: pdflatex (file ./resources/pdfs/back_cover.pdf): PDF inclusion:
 found PDF version <1.7>, but at most version <1.5> allowed


pdfTeX warning: pdflatex (file ./resources/pdfs/back_cover.pdf): PDF inclusion:
 found PDF version <1.7>, but at most version <1.5> allowed
<resources/pdfs/back_cover.pdf, id=3552, page=1, 596.98032pt x 844.65562pt>
File: resources/pdfs/back_cover.pdf Graphic file (type pdf)
<use resources/pdfs/back_cover.pdf, page 1>
Package pdftex.def Info: resources/pdfs/back_cover.pdf , page1 used on input li
ne 7836.
(pdftex.def)             Requested size: 596.97885pt x 844.65356pt.
File: resources/pdfs/back_cover.pdf Graphic file (type pdf)
<use resources/pdfs/back_cover.pdf, page 1>
Package pdftex.def Info: resources/pdfs/back_cover.pdf , page1 used on input li
ne 7836.
(pdftex.def)             Requested size: 597.71669pt x 845.69751pt.


[251


]
File: resources/pdfs/back_cover.pdf Graphic file (type pdf)
<use resources/pdfs/back_cover.pdf, page 1>
Package pdftex.def Info: resources/pdfs/back_cover.pdf , page1 used on input li
ne 7836.
(pdftex.def)             Requested size: 597.71669pt x 845.69751pt.
File: resources/pdfs/back_cover.pdf Graphic file (type pdf)
<use resources/pdfs/back_cover.pdf, page 1>
Package pdftex.def Info: resources/pdfs/back_cover.pdf , page1 used on input li
ne 7836.
(pdftex.def)             Requested size: 597.71669pt x 845.69751pt.


File: resources/pdfs/back_cover.pdf Graphic file (type pdf)
<use resources/pdfs/back_cover.pdf, page 1>
Package pdftex.def Info: resources/pdfs/back_cover.pdf , page1 used on input li
ne 7836.
(pdftex.def)             Requested size: 597.71669pt x 845.69751pt.
[252

 <./resources/pdfs/back_cover.pdf>]
(TransformaticsInGENETICS---2026---JWL--HYPER-EDTN.aux)
 ***********
LaTeX2e <2024-06-01> patch level 2
L3 programming layer <2024-07-20>
 ***********


LaTeX Warning: There were undefined references.


LaTeX Warning: Label(s) may have changed. Rerun to get cross-references right.


Package rerunfilecheck Warning: File `TransformaticsInGENETICS---2026---JWL--HY
PER-EDTN.out' has changed.
(rerunfilecheck)                Rerun to get outlines right
(rerunfilecheck)                or use package `bookmark'.

Package rerunfilecheck Info: Checksums for `TransformaticsInGENETICS---2026---J
WL--HYPER-EDTN.out':
(rerunfilecheck)             Before: 5457C7D70D6462673DF8E68E1EAB03C2;1998
(rerunfilecheck)             After:  6A06A70E55DBFAEC7A6B60A767377E24;35271.
 ) 
Here is how much of TeX's memory you used:
 36587 strings out of 473898
 692742 string characters out of 5736297
 2316960 words of memory out of 5000000
 57240 multiletter control sequences out of 15000+600000
 584372 words of font info for 133 fonts, out of 8000000 for 9000
 1141 hyphenation exceptions out of 8191
 84i,22n,93p,3280b,1872s stack positions out of 10000i,1000n,20000p,200000b,200000s
 <C:\Users\AKAM\AppData\Local\MiKTeX\fonts/pk/ljfour/jknappen/ec/dpi600\tctt1
000.pk> <C:\Users\AKAM\AppData\Local\MiKTeX\fonts/pk/ljfour/jknappen/ec/dpi600\
tcrm1440.pk> <C:\Users\AKAM\AppData\Local\MiKTeX\fonts/pk/ljfour/jknappen/ec/dp
i600\tctt1440.pk> <C:\Users\AKAM\AppData\Local\MiKTeX\fonts/pk/ljfour/jknappen/
ec/dpi600\tcrm1200.pk><C:/Program Files/MiKTeX/fonts/type1/public/amsfonts/cm/c
mbx10.pfb><C:/Program Files/MiKTeX/fonts/type1/public/amsfonts/cm/cmbx12.pfb><C
:/Program Files/MiKTeX/fonts/type1/public/amsfonts/cm/cmbx8.pfb><C:/Program Fil
es/MiKTeX/fonts/type1/public/amsfonts/cm/cmbx9.pfb><C:/Program Files/MiKTeX/fon
ts/type1/public/amsfonts/cm/cmbxti10.pfb><C:/Program Files/MiKTeX/fonts/type1/p
ublic/amsfonts/cm/cmex10.pfb><C:/Program Files/MiKTeX/fonts/type1/public/amsfon
ts/cmextra/cmex8.pfb><C:/Program Files/MiKTeX/fonts/type1/public/amsfonts/cm/cm
itt10.pfb><C:/Program Files/MiKTeX/fonts/type1/public/amsfonts/cm/cmmi10.pfb><C
:/Program Files/MiKTeX/fonts/type1/public/amsfonts/cm/cmmi12.pfb><C:/Program Fi
les/MiKTeX/fonts/type1/public/amsfonts/cm/cmmi5.pfb><C:/Program Files/MiKTeX/fo
nts/type1/public/amsfonts/cm/cmmi6.pfb><C:/Program Files/MiKTeX/fonts/type1/pub
lic/amsfonts/cm/cmmi7.pfb><C:/Program Files/MiKTeX/fonts/type1/public/amsfonts/
cm/cmmi8.pfb><C:/Program Files/MiKTeX/fonts/type1/public/amsfonts/cm/cmmi9.pfb>
<C:/Program Files/MiKTeX/fonts/type1/public/amsfonts/cm/cmr10.pfb><C:/Program F
iles/MiKTeX/fonts/type1/public/amsfonts/cm/cmr12.pfb><C:/Program Files/MiKTeX/f
onts/type1/public/amsfonts/cm/cmr17.pfb><C:/Program Files/MiKTeX/fonts/type1/pu
blic/amsfonts/cm/cmr6.pfb><C:/Program Files/MiKTeX/fonts/type1/public/amsfonts/
cm/cmr7.pfb><C:/Program Files/MiKTeX/fonts/type1/public/amsfonts/cm/cmr8.pfb><C
:/Program Files/MiKTeX/fonts/type1/public/amsfonts/cm/cmr9.pfb><C:/Program File
s/MiKTeX/fonts/type1/public/amsfonts/cm/cmsy10.pfb><C:/Program Files/MiKTeX/fon
ts/type1/public/amsfonts/cm/cmsy6.pfb><C:/Program Files/MiKTeX/fonts/type1/publ
ic/amsfonts/cm/cmsy7.pfb><C:/Program Files/MiKTeX/fonts/type1/public/amsfonts/c
m/cmsy8.pfb><C:/Program Files/MiKTeX/fonts/type1/public/amsfonts/cm/cmsy9.pfb><
C:/Program Files/MiKTeX/fonts/type1/public/amsfonts/cm/cmti10.pfb><C:/Program F
iles/MiKTeX/fonts/type1/public/amsfonts/cm/cmti12.pfb><C:/Program Files/MiKTeX/
fonts/type1/public/amsfonts/cm/cmti7.pfb><C:/Program Files/MiKTeX/fonts/type1/p
ublic/amsfonts/cm/cmti8.pfb><C:/Program Files/MiKTeX/fonts/type1/public/amsfont
s/cm/cmti9.pfb><C:/Program Files/MiKTeX/fonts/type1/public/amsfonts/cm/cmtt10.p
fb><C:/Program Files/MiKTeX/fonts/type1/public/amsfonts/cm/cmtt12.pfb><C:/Progr
am Files/MiKTeX/fonts/type1/public/amsfonts/cm/cmtt8.pfb><C:/Program Files/MiKT
eX/fonts/type1/public/amsfonts/cm/cmtt9.pfb><C:/Program Files/MiKTeX/fonts/type
1/public/amsfonts/symbols/msam10.pfb><C:/Program Files/MiKTeX/fonts/type1/publi
c/amsfonts/symbols/msbm10.pfb><C:/Program Files/MiKTeX/fonts/type1/public/amsfo
nts/symbols/msbm7.pfb>
Output written on TransformaticsInGENETICS---2026---JWL--HYPER-EDTN.pdf (274 pa
ges, 16785510 bytes).
PDF statistics:
 4090 PDF objects out of 4296 (max. 8388607)
 1644 named destinations out of 1728 (max. 500000)
 504 words of extra memory for PDF output out of 10000 (max. 10000000)

